underarmor,mens,training,https://underarmour.scene7.com/is/image/Underarmour/FW20_TRN_CGARMOUR_1_1_CLP_M
underarmor,mens,training,https://underarmour.scene7.com/is/image/Underarmour/FW20_WMN_Meridian_Moisture_Infused_Site_300x300_1
underarmor,mens,training,https://underarmour.scene7.com/is/image/Underarmour/FW19_TopNav_BoysArmourFleece
underarmor,mens,training,https://underarmour.scene7.com/is/image/Underarmour/FW20_Run_HOVR_Machina_Site_1_1_W_3
underarmor,mens,training,https://underarmour.scene7.com/is/image/Underarmour/FW20_Holiday_GiftGuideHeroTextOnly_Site_NavTile
underarmor,mens,training,https://underarmour.scene7.com/is/image/Underarmour/FW20_Holiday_RegionalPromo_Site_NavTile
underarmor,mens,training,https://underarmour.scene7.com/is/image/Underarmour/3023009-101_DEFAULT?rp=standard-30pad|gridTileDesktop&scl=1&fmt=jpg&qlt=50&resMode=sharp2&cache=on,on&bgc=F0F0F0&wid=512&hei=640&size=472,600
underarmor,mens,training,https://underarmour.scene7.com/is/image/Underarmour/3023009-101_A?rp=standard-30pad|gridTileDesktop&scl=1&fmt=jpg&qlt=50&resMode=sharp2&cache=on,on&bgc=F0F0F0&wid=512&hei=640&size=472,600
underarmor,mens,training,https://underarmour.scene7.com/is/image/Underarmour/3023007-400_DEFAULT?rp=standard-30pad|gridTileDesktop&scl=1&fmt=jpg&qlt=50&resMode=sharp2&cache=on,on&bgc=F0F0F0&wid=512&hei=640&size=472,600
underarmor,mens,training,https://underarmour.scene7.com/is/image/Underarmour/3023007-400_A?rp=standard-30pad|gridTileDesktop&scl=1&fmt=jpg&qlt=50&resMode=sharp2&cache=on,on&bgc=F0F0F0&wid=512&hei=640&size=472,600
underarmor,mens,training,https://underarmour.scene7.com/is/image/Underarmour/3022024-001_DEFAULT?rp=standard-30pad|gridTileDesktop&scl=1&fmt=jpg&qlt=50&resMode=sharp2&cache=on,on&bgc=F0F0F0&wid=512&hei=640&size=472,600
underarmor,mens,training,https://underarmour.scene7.com/is/image/Underarmour/3022024-001_A?rp=standard-30pad|gridTileDesktop&scl=1&fmt=jpg&qlt=50&resMode=sharp2&cache=on,on&bgc=F0F0F0&wid=512&hei=640&size=472,600
underarmor,mens,training,https://underarmour.scene7.com/is/image/Underarmour/3023004-400_DEFAULT?rp=standard-30pad|gridTileDesktop&scl=1&fmt=jpg&qlt=50&resMode=sharp2&cache=on,on&bgc=F0F0F0&wid=512&hei=640&size=472,600
underarmor,mens,training,https://underarmour.scene7.com/is/image/Underarmour/3023004-400_A?rp=standard-30pad|gridTileDesktop&scl=1&fmt=jpg&qlt=50&resMode=sharp2&cache=on,on&bgc=F0F0F0&wid=512&hei=640&size=472,600
underarmor,mens,training,https://underarmour.scene7.com/is/image/Underarmour/3023971-301_DEFAULT?rp=standard-30pad|gridTileDesktop&scl=1&fmt=jpg&qlt=50&resMode=sharp2&cache=on,on&bgc=F0F0F0&wid=512&hei=640&size=472,600
underarmor,mens,training,https://underarmour.scene7.com/is/image/Underarmour/3023971-301_A?rp=standard-30pad|gridTileDesktop&scl=1&fmt=jpg&qlt=50&resMode=sharp2&cache=on,on&bgc=F0F0F0&wid=512&hei=640&size=472,600
underarmor,mens,training,https://underarmour.scene7.com/is/image/Underarmour/3022616-001_DEFAULT?rp=standard-30pad|gridTileDesktop&scl=1&fmt=jpg&qlt=50&resMode=sharp2&cache=on,on&bgc=F0F0F0&wid=512&hei=640&size=472,600
underarmor,mens,training,https://underarmour.scene7.com/is/image/Underarmour/3022616-001_A?rp=standard-30pad|gridTileDesktop&scl=1&fmt=jpg&qlt=50&resMode=sharp2&cache=on,on&bgc=F0F0F0&wid=512&hei=640&size=472,600
underarmor,mens,training,https://underarmour.scene7.com/is/image/Underarmour/3022613-101_DEFAULT?rp=standard-30pad|gridTileDesktop&scl=1&fmt=jpg&qlt=50&resMode=sharp2&cache=on,on&bgc=F0F0F0&wid=512&hei=640&size=472,600
underarmor,mens,training,https://underarmour.scene7.com/is/image/Underarmour/3022613-101_A?rp=standard-30pad|gridTileDesktop&scl=1&fmt=jpg&qlt=50&resMode=sharp2&cache=on,on&bgc=F0F0F0&wid=512&hei=640&size=472,600
underarmor,mens,training,https://underarmour.scene7.com/is/image/Underarmour/3023510-400_DEFAULT?rp=standard-30pad|gridTileDesktop&scl=1&fmt=jpg&qlt=50&resMode=sharp2&cache=on,on&bgc=F0F0F0&wid=512&hei=640&size=472,600
underarmor,mens,training,https://underarmour.scene7.com/is/image/Underarmour/3023510-400_A?rp=standard-30pad|gridTileDesktop&scl=1&fmt=jpg&qlt=50&resMode=sharp2&cache=on,on&bgc=F0F0F0&wid=512&hei=640&size=472,600
underarmor,mens,training,https://underarmour.scene7.com/is/image/Underarmour/3022027-600_DEFAULT?rp=standard-30pad|gridTileDesktop&scl=1&fmt=jpg&qlt=50&resMode=sharp2&cache=on,on&bgc=F0F0F0&wid=512&hei=640&size=472,600
underarmor,mens,training,https://underarmour.scene7.com/is/image/Underarmour/3022027-600_A?rp=standard-30pad|gridTileDesktop&scl=1&fmt=jpg&qlt=50&resMode=sharp2&cache=on,on&bgc=F0F0F0&wid=512&hei=640&size=472,600
underarmor,mens,running,https://underarmour.scene7.com/is/image/Underarmour/UA_MMR_App_Icon?&fmt=png-alpha&size=96,96
underarmor,mens,running,https://underarmour.scene7.com/is/image/Underarmour/3023899-001_DEFAULT?rp=standard-30pad|gridTileDesktop&scl=1&fmt=jpg&qlt=50&resMode=sharp2&cache=on,on&bgc=F0F0F0&wid=512&hei=640&size=472,600
underarmor,mens,running,https://underarmour.scene7.com/is/image/Underarmour/3023899-001_A?rp=standard-30pad|gridTileDesktop&scl=1&fmt=jpg&qlt=50&resMode=sharp2&cache=on,on&bgc=F0F0F0&wid=512&hei=640&size=472,600
underarmor,mens,running,https://underarmour.scene7.com/is/image/Underarmour/3023625-100_DEFAULT?rp=standard-30pad|gridTileDesktop&scl=1&fmt=jpg&qlt=50&resMode=sharp2&cache=on,on&bgc=F0F0F0&wid=512&hei=640&size=472,600
underarmor,mens,running,https://underarmour.scene7.com/is/image/Underarmour/3023625-100_A?rp=standard-30pad|gridTileDesktop&scl=1&fmt=jpg&qlt=50&resMode=sharp2&cache=on,on&bgc=F0F0F0&wid=512&hei=640&size=472,600
underarmor,mens,running,https://underarmour.scene7.com/is/image/Underarmour/3023017-102_DEFAULT?rp=standard-30pad|gridTileDesktop&scl=1&fmt=jpg&qlt=50&resMode=sharp2&cache=on,on&bgc=F0F0F0&wid=512&hei=640&size=472,600
underarmor,mens,running,https://underarmour.scene7.com/is/image/Underarmour/3023017-102_A?rp=standard-30pad|gridTileDesktop&scl=1&fmt=jpg&qlt=50&resMode=sharp2&cache=on,on&bgc=F0F0F0&wid=512&hei=640&size=472,600
underarmor,mens,running,https://underarmour.scene7.com/is/image/Underarmour/3021939-103_DEFAULT?rp=standard-30pad|gridTileDesktop&scl=1&fmt=jpg&qlt=50&resMode=sharp2&cache=on,on&bgc=F0F0F0&wid=512&hei=640&size=472,600
underarmor,mens,running,https://underarmour.scene7.com/is/image/Underarmour/3021939-103_A?rp=standard-30pad|gridTileDesktop&scl=1&fmt=jpg&qlt=50&resMode=sharp2&cache=on,on&bgc=F0F0F0&wid=512&hei=640&size=472,600
underarmor,mens,running,https://underarmour.scene7.com/is/image/Underarmour/3023132-001_DEFAULT?rp=standard-30pad|gridTileDesktop&scl=1&fmt=jpg&qlt=50&resMode=sharp2&cache=on,on&bgc=F0F0F0&wid=512&hei=640&size=472,600
underarmor,mens,running,https://underarmour.scene7.com/is/image/Underarmour/3023132-001_A?rp=standard-30pad|gridTileDesktop&scl=1&fmt=jpg&qlt=50&resMode=sharp2&cache=on,on&bgc=F0F0F0&wid=512&hei=640&size=472,600
underarmor,mens,running,https://underarmour.scene7.com/is/image/Underarmour/3022587-102_DEFAULT?rp=standard-30pad|gridTileDesktop&scl=1&fmt=jpg&qlt=50&resMode=sharp2&cache=on,on&bgc=F0F0F0&wid=512&hei=640&size=472,600
underarmor,mens,running,https://underarmour.scene7.com/is/image/Underarmour/3022587-102_A?rp=standard-30pad|gridTileDesktop&scl=1&fmt=jpg&qlt=50&resMode=sharp2&cache=on,on&bgc=F0F0F0&wid=512&hei=640&size=472,600
underarmor,mens,running,https://underarmour.scene7.com/is/image/Underarmour/3023131-001_DEFAULT?rp=standard-30pad|gridTileDesktop&scl=1&fmt=jpg&qlt=50&resMode=sharp2&cache=on,on&bgc=F0F0F0&wid=512&hei=640&size=472,600
underarmor,mens,running,https://underarmour.scene7.com/is/image/Underarmour/3023131-001_A?rp=standard-30pad|gridTileDesktop&scl=1&fmt=jpg&qlt=50&resMode=sharp2&cache=on,on&bgc=F0F0F0&wid=512&hei=640&size=472,600
underarmor,mens,running,https://underarmour.scene7.com/is/image/Underarmour/3022586-107_DEFAULT?rp=standard-30pad|gridTileDesktop&scl=1&fmt=jpg&qlt=50&resMode=sharp2&cache=on,on&bgc=F0F0F0&wid=512&hei=640&size=472,600
underarmor,mens,running,https://underarmour.scene7.com/is/image/Underarmour/3022586-107_A?rp=standard-30pad|gridTileDesktop&scl=1&fmt=jpg&qlt=50&resMode=sharp2&cache=on,on&bgc=F0F0F0&wid=512&hei=640&size=472,600
underarmor,mens,running,https://underarmour.scene7.com/is/image/Underarmour/3021952-001_DEFAULT?rp=standard-30pad|gridTileDesktop&scl=1&fmt=jpg&qlt=50&resMode=sharp2&cache=on,on&bgc=F0F0F0&wid=512&hei=640&size=472,600
underarmor,mens,running,https://underarmour.scene7.com/is/image/Underarmour/3021952-001_A?rp=standard-30pad|gridTileDesktop&scl=1&fmt=jpg&qlt=50&resMode=sharp2&cache=on,on&bgc=F0F0F0&wid=512&hei=640&size=472,600
underarmor,mens,running,https://underarmour.scene7.com/is/image/Underarmour/3023714-105_DEFAULT?rp=standard-30pad|gridTileDesktop&scl=1&fmt=jpg&qlt=50&resMode=sharp2&cache=on,on&bgc=F0F0F0&wid=512&hei=640&size=472,600
underarmor,mens,running,https://underarmour.scene7.com/is/image/Underarmour/3023714-105_A?rp=standard-30pad|gridTileDesktop&scl=1&fmt=jpg&qlt=50&resMode=sharp2&cache=on,on&bgc=F0F0F0&wid=512&hei=640&size=472,600
underarmor,mens,running,https://underarmour.scene7.com/is/image/Underarmour/3022641-001_DEFAULT?rp=standard-30pad|gridTileDesktop&scl=1&fmt=jpg&qlt=50&resMode=sharp2&cache=on,on&bgc=F0F0F0&wid=512&hei=640&size=472,600
underarmor,mens,running,https://underarmour.scene7.com/is/image/Underarmour/3022641-001_A?rp=standard-30pad|gridTileDesktop&scl=1&fmt=jpg&qlt=50&resMode=sharp2&cache=on,on&bgc=F0F0F0&wid=512&hei=640&size=472,600
underarmor,mens,running,https://underarmour.scene7.com/is/image/Underarmour/V5-3022594-001_SC?rp=standard-30pad|gridTileDesktop&scl=1&fmt=jpg&qlt=50&resMode=sharp2&cache=on,on&bgc=F0F0F0&wid=512&hei=640&size=472,600
underarmor,mens,running,https://underarmour.scene7.com/is/image/Underarmour/3022594-001_DEFAULT?rp=standard-30pad|gridTileDesktop&scl=1&fmt=jpg&qlt=50&resMode=sharp2&cache=on,on&bgc=F0F0F0&wid=512&hei=640&size=472,600
underarmor,mens,running,https://underarmour.scene7.com/is/image/Underarmour/3021950-002_DEFAULT?rp=standard-30pad|gridTileDesktop&scl=1&fmt=jpg&qlt=50&resMode=sharp2&cache=on,on&bgc=F0F0F0&wid=512&hei=640&size=472,600
underarmor,mens,running,https://underarmour.scene7.com/is/image/Underarmour/3021950-002_A?rp=standard-30pad|gridTileDesktop&scl=1&fmt=jpg&qlt=50&resMode=sharp2&cache=on,on&bgc=F0F0F0&wid=512&hei=640&size=472,600
underarmor,mens,running,https://underarmour.scene7.com/is/image/Underarmour/3024024-001_DEFAULT?rp=standard-30pad|gridTileDesktop&scl=1&fmt=jpg&qlt=50&resMode=sharp2&cache=on,on&bgc=F0F0F0&wid=512&hei=640&size=472,600
underarmor,mens,running,https://underarmour.scene7.com/is/image/Underarmour/3024024-001_A?rp=standard-30pad|gridTileDesktop&scl=1&fmt=jpg&qlt=50&resMode=sharp2&cache=on,on&bgc=F0F0F0&wid=512&hei=640&size=472,600
underarmor,mens,running,https://underarmour.scene7.com/is/image/Underarmour/3023391-100_DEFAULT?rp=standard-30pad|gridTileDesktop&scl=1&fmt=jpg&qlt=50&resMode=sharp2&cache=on,on&bgc=F0F0F0&wid=512&hei=640&size=472,600
underarmor,mens,running,https://underarmour.scene7.com/is/image/Underarmour/3023391-100_A?rp=standard-30pad|gridTileDesktop&scl=1&fmt=jpg&qlt=50&resMode=sharp2&cache=on,on&bgc=F0F0F0&wid=512&hei=640&size=472,600
underarmor,mens,running,https://underarmour.scene7.com/is/image/Underarmour/3023298-100_DEFAULT?rp=standard-30pad|gridTileDesktop&scl=1&fmt=jpg&qlt=50&resMode=sharp2&cache=on,on&bgc=F0F0F0&wid=512&hei=640&size=472,600
underarmor,mens,running,https://underarmour.scene7.com/is/image/Underarmour/3023298-100_A?rp=standard-30pad|gridTileDesktop&scl=1&fmt=jpg&qlt=50&resMode=sharp2&cache=on,on&bgc=F0F0F0&wid=512&hei=640&size=472,600
underarmor,mens,running,https://underarmour.scene7.com/is/image/Underarmour/3023619-102_DEFAULT?rp=standard-30pad|gridTileDesktop&scl=1&fmt=jpg&qlt=50&resMode=sharp2&cache=on,on&bgc=F0F0F0&wid=512&hei=640&size=472,600
underarmor,mens,running,https://underarmour.scene7.com/is/image/Underarmour/3023619-102_A?rp=standard-30pad|gridTileDesktop&scl=1&fmt=jpg&qlt=50&resMode=sharp2&cache=on,on&bgc=F0F0F0&wid=512&hei=640&size=472,600
underarmor,mens,running,https://underarmour.scene7.com/is/image/Underarmour/3023390-002_DEFAULT?rp=standard-30pad|gridTileDesktop&scl=1&fmt=jpg&qlt=50&resMode=sharp2&cache=on,on&bgc=F0F0F0&wid=512&hei=640&size=472,600
underarmor,mens,running,https://underarmour.scene7.com/is/image/Underarmour/3023390-002_A?rp=standard-30pad|gridTileDesktop&scl=1&fmt=jpg&qlt=50&resMode=sharp2&cache=on,on&bgc=F0F0F0&wid=512&hei=640&size=472,600
underarmor,mens,running,https://underarmour.scene7.com/is/image/Underarmour/3023878-001_DEFAULT?rp=standard-30pad|gridTileDesktop&scl=1&fmt=jpg&qlt=50&resMode=sharp2&cache=on,on&bgc=F0F0F0&wid=512&hei=640&size=472,600
underarmor,mens,running,https://underarmour.scene7.com/is/image/Underarmour/3023878-001_A?rp=standard-30pad|gridTileDesktop&scl=1&fmt=jpg&qlt=50&resMode=sharp2&cache=on,on&bgc=F0F0F0&wid=512&hei=640&size=472,600
underarmor,mens,running,https://underarmour.scene7.com/is/image/Underarmour/3023936-400_DEFAULT?rp=standard-30pad|gridTileDesktop&scl=1&fmt=jpg&qlt=50&resMode=sharp2&cache=on,on&bgc=F0F0F0&wid=512&hei=640&size=472,600
underarmor,mens,running,https://underarmour.scene7.com/is/image/Underarmour/3023936-400_A?rp=standard-30pad|gridTileDesktop&scl=1&fmt=jpg&qlt=50&resMode=sharp2&cache=on,on&bgc=F0F0F0&wid=512&hei=640&size=472,600
underarmor,mens,running,https://underarmour.scene7.com/is/image/Underarmour/3022588-100_DEFAULT?rp=standard-30pad|gridTileDesktop&scl=1&fmt=jpg&qlt=50&resMode=sharp2&cache=on,on&bgc=F0F0F0&wid=512&hei=640&size=472,600
underarmor,mens,running,https://underarmour.scene7.com/is/image/Underarmour/3022588-100_A?rp=standard-30pad|gridTileDesktop&scl=1&fmt=jpg&qlt=50&resMode=sharp2&cache=on,on&bgc=F0F0F0&wid=512&hei=640&size=472,600
underarmor,mens,running,https://underarmour.scene7.com/is/image/Underarmour/3023370-100_DEFAULT?rp=standard-30pad|gridTileDesktop&scl=1&fmt=jpg&qlt=50&resMode=sharp2&cache=on,on&bgc=F0F0F0&wid=512&hei=640&size=472,600
underarmor,mens,running,https://underarmour.scene7.com/is/image/Underarmour/3023370-100_A?rp=standard-30pad|gridTileDesktop&scl=1&fmt=jpg&qlt=50&resMode=sharp2&cache=on,on&bgc=F0F0F0&wid=512&hei=640&size=472,600
underarmor,mens,running,https://underarmour.scene7.com/is/image/Underarmour/3022589-300_DEFAULT?rp=standard-30pad|gridTileDesktop&scl=1&fmt=jpg&qlt=50&resMode=sharp2&cache=on,on&bgc=F0F0F0&wid=512&hei=640&size=472,600
underarmor,mens,running,https://underarmour.scene7.com/is/image/Underarmour/3022589-300_A?rp=standard-30pad|gridTileDesktop&scl=1&fmt=jpg&qlt=50&resMode=sharp2&cache=on,on&bgc=F0F0F0&wid=512&hei=640&size=472,600
underarmor,mens,running,https://underarmour.scene7.com/is/image/Underarmour/3022593-001_DEFAULT?rp=standard-30pad|gridTileDesktop&scl=1&fmt=jpg&qlt=50&resMode=sharp2&cache=on,on&bgc=F0F0F0&wid=512&hei=640&size=472,600
underarmor,mens,running,https://underarmour.scene7.com/is/image/Underarmour/3022593-001_A?rp=standard-30pad|gridTileDesktop&scl=1&fmt=jpg&qlt=50&resMode=sharp2&cache=on,on&bgc=F0F0F0&wid=512&hei=640&size=472,600
underarmor,mens,running,https://underarmour.scene7.com/is/image/Underarmour/3023846-001_DEFAULT?rp=standard-30pad|gridTileDesktop&scl=1&fmt=jpg&qlt=50&resMode=sharp2&cache=on,on&bgc=F0F0F0&wid=512&hei=640&size=472,600
underarmor,mens,running,https://underarmour.scene7.com/is/image/Underarmour/3023846-001_A?rp=standard-30pad|gridTileDesktop&scl=1&fmt=jpg&qlt=50&resMode=sharp2&cache=on,on&bgc=F0F0F0&wid=512&hei=640&size=472,600
underarmor,mens,running,https://underarmour.scene7.com/is/image/Underarmour/3023845-001_DEFAULT?rp=standard-30pad|gridTileDesktop&scl=1&fmt=jpg&qlt=50&resMode=sharp2&cache=on,on&bgc=F0F0F0&wid=512&hei=640&size=472,600
underarmor,mens,running,https://underarmour.scene7.com/is/image/Underarmour/3023845-001_A?rp=standard-30pad|gridTileDesktop&scl=1&fmt=jpg&qlt=50&resMode=sharp2&cache=on,on&bgc=F0F0F0&wid=512&hei=640&size=472,600
underarmor,mens,running,https://underarmour.scene7.com/is/image/Underarmour/3023889-003_DEFAULT?rp=standard-30pad|gridTileDesktop&scl=1&fmt=jpg&qlt=50&resMode=sharp2&cache=on,on&bgc=F0F0F0&wid=512&hei=640&size=472,600
underarmor,mens,running,https://underarmour.scene7.com/is/image/Underarmour/3023889-003_A?rp=standard-30pad|gridTileDesktop&scl=1&fmt=jpg&qlt=50&resMode=sharp2&cache=on,on&bgc=F0F0F0&wid=512&hei=640&size=472,600
underarmor,mens,running,https://underarmour.scene7.com/is/image/Underarmour/3023279-300_DEFAULT?rp=standard-30pad|gridTileDesktop&scl=1&fmt=jpg&qlt=50&resMode=sharp2&cache=on,on&bgc=F0F0F0&wid=512&hei=640&size=472,600
underarmor,mens,running,https://underarmour.scene7.com/is/image/Underarmour/3023279-300_A?rp=standard-30pad|gridTileDesktop&scl=1&fmt=jpg&qlt=50&resMode=sharp2&cache=on,on&bgc=F0F0F0&wid=512&hei=640&size=472,600
underarmor,mens,running,https://underarmour.scene7.com/is/image/Underarmour/3023389-100_DEFAULT?rp=standard-30pad|gridTileDesktop&scl=1&fmt=jpg&qlt=50&resMode=sharp2&cache=on,on&bgc=F0F0F0&wid=512&hei=640&size=472,600
underarmor,mens,running,https://underarmour.scene7.com/is/image/Underarmour/3023389-100_A?rp=standard-30pad|gridTileDesktop&scl=1&fmt=jpg&qlt=50&resMode=sharp2&cache=on,on&bgc=F0F0F0&wid=512&hei=640&size=472,600
underarmor,mens,running,https://underarmour.scene7.com/is/image/Underarmour/3021955-001_DEFAULT?rp=standard-30pad|gridTileDesktop&scl=1&fmt=jpg&qlt=50&resMode=sharp2&cache=on,on&bgc=F0F0F0&wid=512&hei=640&size=472,600
underarmor,mens,running,https://underarmour.scene7.com/is/image/Underarmour/3021955-001_A?rp=standard-30pad|gridTileDesktop&scl=1&fmt=jpg&qlt=50&resMode=sharp2&cache=on,on&bgc=F0F0F0&wid=512&hei=640&size=472,600
underarmor,mens,running,https://underarmour.scene7.com/is/image/Underarmour/3023276-001_DEFAULT?rp=standard-30pad|gridTileDesktop&scl=1&fmt=jpg&qlt=50&resMode=sharp2&cache=on,on&bgc=F0F0F0&wid=512&hei=640&size=472,600
underarmor,mens,running,https://underarmour.scene7.com/is/image/Underarmour/3023276-001_A?rp=standard-30pad|gridTileDesktop&scl=1&fmt=jpg&qlt=50&resMode=sharp2&cache=on,on&bgc=F0F0F0&wid=512&hei=640&size=472,600
underarmor,mens,running,https://underarmour.scene7.com/is/image/Underarmour/3023019-600_DEFAULT?rp=standard-30pad|gridTileDesktop&scl=1&fmt=jpg&qlt=50&resMode=sharp2&cache=on,on&bgc=F0F0F0&wid=512&hei=640&size=472,600
underarmor,mens,running,https://underarmour.scene7.com/is/image/Underarmour/3023019-600_A?rp=standard-30pad|gridTileDesktop&scl=1&fmt=jpg&qlt=50&resMode=sharp2&cache=on,on&bgc=F0F0F0&wid=512&hei=640&size=472,600
underarmor,mens,running,https://underarmour.scene7.com/is/image/Underarmour/3024025-400_DEFAULT?rp=standard-30pad|gridTileDesktop&scl=1&fmt=jpg&qlt=50&resMode=sharp2&cache=on,on&bgc=F0F0F0&wid=512&hei=640&size=472,600
underarmor,mens,running,https://underarmour.scene7.com/is/image/Underarmour/3024025-400_A?rp=standard-30pad|gridTileDesktop&scl=1&fmt=jpg&qlt=50&resMode=sharp2&cache=on,on&bgc=F0F0F0&wid=512&hei=640&size=472,600
underarmor,mens,running,https://underarmour.scene7.com/is/image/Underarmour/3023129-400_DEFAULT?rp=standard-30pad|gridTileDesktop&scl=1&fmt=jpg&qlt=50&resMode=sharp2&cache=on,on&bgc=F0F0F0&wid=512&hei=640&size=472,600
underarmor,mens,running,https://underarmour.scene7.com/is/image/Underarmour/3023129-400_A?rp=standard-30pad|gridTileDesktop&scl=1&fmt=jpg&qlt=50&resMode=sharp2&cache=on,on&bgc=F0F0F0&wid=512&hei=640&size=472,600
underarmor,mens,running,https://underarmour.scene7.com/is/image/Underarmour/3023020-108_DEFAULT?rp=standard-30pad|gridTileDesktop&scl=1&fmt=jpg&qlt=50&resMode=sharp2&cache=on,on&bgc=F0F0F0&wid=512&hei=640&size=472,600
underarmor,mens,running,https://underarmour.scene7.com/is/image/Underarmour/3023020-108_A?rp=standard-30pad|gridTileDesktop&scl=1&fmt=jpg&qlt=50&resMode=sharp2&cache=on,on&bgc=F0F0F0&wid=512&hei=640&size=472,600
underarmor,mens,running,https://underarmour.scene7.com/is/image/Underarmour/3023628-001_DEFAULT?rp=standard-30pad|gridTileDesktop&scl=1&fmt=jpg&qlt=50&resMode=sharp2&cache=on,on&bgc=F0F0F0&wid=512&hei=640&size=472,600
underarmor,mens,running,https://underarmour.scene7.com/is/image/Underarmour/3023628-001_A?rp=standard-30pad|gridTileDesktop&scl=1&fmt=jpg&qlt=50&resMode=sharp2&cache=on,on&bgc=F0F0F0&wid=512&hei=640&size=472,600
underarmor,mens,running,https://underarmour.scene7.com/is/image/Underarmour/3021949-001_DEFAULT?rp=standard-30pad|gridTileDesktop&scl=1&fmt=jpg&qlt=50&resMode=sharp2&cache=on,on&bgc=F0F0F0&wid=512&hei=640&size=472,600
underarmor,mens,running,https://underarmour.scene7.com/is/image/Underarmour/3021949-001_A?rp=standard-30pad|gridTileDesktop&scl=1&fmt=jpg&qlt=50&resMode=sharp2&cache=on,on&bgc=F0F0F0&wid=512&hei=640&size=472,600
underarmor,mens,running,https://underarmour.scene7.com/is/image/Underarmour/3023689-400_DEFAULT?rp=standard-30pad|gridTileDesktop&scl=1&fmt=jpg&qlt=50&resMode=sharp2&cache=on,on&bgc=F0F0F0&wid=512&hei=640&size=472,600
underarmor,mens,running,https://underarmour.scene7.com/is/image/Underarmour/3023689-400_A?rp=standard-30pad|gridTileDesktop&scl=1&fmt=jpg&qlt=50&resMode=sharp2&cache=on,on&bgc=F0F0F0&wid=512&hei=640&size=472,600
underarmor,mens,running,https://underarmour.scene7.com/is/image/Underarmour/3022595-001_DEFAULT?rp=standard-30pad|gridTileDesktop&scl=1&fmt=jpg&qlt=50&resMode=sharp2&cache=on,on&bgc=F0F0F0&wid=512&hei=640&size=472,600
underarmor,mens,running,https://underarmour.scene7.com/is/image/Underarmour/3022595-001_A?rp=standard-30pad|gridTileDesktop&scl=1&fmt=jpg&qlt=50&resMode=sharp2&cache=on,on&bgc=F0F0F0&wid=512&hei=640&size=472,600
underarmor,mens,running,https://underarmour.scene7.com/is/image/Underarmour/3022592-101_DEFAULT?rp=standard-30pad|gridTileDesktop&scl=1&fmt=jpg&qlt=50&resMode=sharp2&cache=on,on&bgc=F0F0F0&wid=512&hei=640&size=472,600
underarmor,mens,running,https://underarmour.scene7.com/is/image/Underarmour/3022592-101_A?rp=standard-30pad|gridTileDesktop&scl=1&fmt=jpg&qlt=50&resMode=sharp2&cache=on,on&bgc=F0F0F0&wid=512&hei=640&size=472,600
underarmor,mens,running,https://underarmour.scene7.com/is/image/Underarmour/3023433-001_DEFAULT?rp=standard-30pad|gridTileDesktop&scl=1&fmt=jpg&qlt=50&resMode=sharp2&cache=on,on&bgc=F0F0F0&wid=512&hei=640&size=472,600
underarmor,mens,running,https://underarmour.scene7.com/is/image/Underarmour/3023433-001_A?rp=standard-30pad|gridTileDesktop&scl=1&fmt=jpg&qlt=50&resMode=sharp2&cache=on,on&bgc=F0F0F0&wid=512&hei=640&size=472,600
underarmor,mens,running,https://underarmour.scene7.com/is/image/Underarmour/3020348-102_DEFAULT?rp=standard-30pad|gridTileDesktop&scl=1&fmt=jpg&qlt=50&resMode=sharp2&cache=on,on&bgc=F0F0F0&wid=512&hei=640&size=472,600
underarmor,mens,running,https://underarmour.scene7.com/is/image/Underarmour/3020348-102_A?rp=standard-30pad|gridTileDesktop&scl=1&fmt=jpg&qlt=50&resMode=sharp2&cache=on,on&bgc=F0F0F0&wid=512&hei=640&size=472,600
underarmor,mens,running,https://underarmour.scene7.com/is/image/Underarmour/3021852-001_DEFAULT?rp=standard-30pad|gridTileDesktop&scl=1&fmt=jpg&qlt=50&resMode=sharp2&cache=on,on&bgc=F0F0F0&wid=512&hei=640&size=472,600
underarmor,mens,running,https://underarmour.scene7.com/is/image/Underarmour/3021852-001_A?rp=standard-30pad|gridTileDesktop&scl=1&fmt=jpg&qlt=50&resMode=sharp2&cache=on,on&bgc=F0F0F0&wid=512&hei=640&size=472,600
underarmor,mens,running,https://underarmour.scene7.com/is/image/Underarmour/3021951-001_DEFAULT?rp=standard-30pad|gridTileDesktop&scl=1&fmt=jpg&qlt=50&resMode=sharp2&cache=on,on&bgc=F0F0F0&wid=512&hei=640&size=472,600
underarmor,mens,running,https://underarmour.scene7.com/is/image/Underarmour/3021951-001_A?rp=standard-30pad|gridTileDesktop&scl=1&fmt=jpg&qlt=50&resMode=sharp2&cache=on,on&bgc=F0F0F0&wid=512&hei=640&size=472,600
underarmor,mens,running,https://underarmour.scene7.com/is/image/Underarmour/3023018-001_DEFAULT?rp=standard-30pad|gridTileDesktop&scl=1&fmt=jpg&qlt=50&resMode=sharp2&cache=on,on&bgc=F0F0F0&wid=512&hei=640&size=472,600
underarmor,mens,running,https://underarmour.scene7.com/is/image/Underarmour/3023018-001_A?rp=standard-30pad|gridTileDesktop&scl=1&fmt=jpg&qlt=50&resMode=sharp2&cache=on,on&bgc=F0F0F0&wid=512&hei=640&size=472,600
underarmor,mens,running,https://underarmour.scene7.com/is/image/Underarmour/3024144-001_DEFAULT?rp=standard-30pad|gridTileDesktop&scl=1&fmt=jpg&qlt=50&resMode=sharp2&cache=on,on&bgc=F0F0F0&wid=512&hei=640&size=472,600
underarmor,mens,running,https://underarmour.scene7.com/is/image/Underarmour/3024144-001_A?rp=standard-30pad|gridTileDesktop&scl=1&fmt=jpg&qlt=50&resMode=sharp2&cache=on,on&bgc=F0F0F0&wid=512&hei=640&size=472,600
underarmor,mens,running,https://underarmour.scene7.com/is/image/Underarmour/3021225-002_DEFAULT?rp=standard-30pad|gridTileDesktop&scl=1&fmt=jpg&qlt=50&resMode=sharp2&cache=on,on&bgc=F0F0F0&wid=512&hei=640&size=472,600
underarmor,mens,running,https://underarmour.scene7.com/is/image/Underarmour/3021225-002_A?rp=standard-30pad|gridTileDesktop&scl=1&fmt=jpg&qlt=50&resMode=sharp2&cache=on,on&bgc=F0F0F0&wid=512&hei=640&size=472,600
underarmor,mens,running,https://underarmour.scene7.com/is/image/Underarmour/3022591-001_DEFAULT?rp=standard-30pad|gridTileDesktop&scl=1&fmt=jpg&qlt=50&resMode=sharp2&cache=on,on&bgc=F0F0F0&wid=512&hei=640&size=472,600
underarmor,mens,running,https://underarmour.scene7.com/is/image/Underarmour/3022591-001_A?rp=standard-30pad|gridTileDesktop&scl=1&fmt=jpg&qlt=50&resMode=sharp2&cache=on,on&bgc=F0F0F0&wid=512&hei=640&size=472,600
underarmor,mens,running,https://underarmour.scene7.com/is/image/Underarmour/3022516-003_DEFAULT?rp=standard-30pad|gridTileDesktop&scl=1&fmt=jpg&qlt=50&resMode=sharp2&cache=on,on&bgc=F0F0F0&wid=512&hei=640&size=472,600
underarmor,mens,running,https://underarmour.scene7.com/is/image/Underarmour/3022516-003_A?rp=standard-30pad|gridTileDesktop&scl=1&fmt=jpg&qlt=50&resMode=sharp2&cache=on,on&bgc=F0F0F0&wid=512&hei=640&size=472,600
underarmor,mens,running,https://underarmour.scene7.com/is/image/Underarmour/3021862-003_DEFAULT?rp=standard-30pad|gridTileDesktop&scl=1&fmt=jpg&qlt=50&resMode=sharp2&cache=on,on&bgc=F0F0F0&wid=512&hei=640&size=472,600
underarmor,mens,running,https://underarmour.scene7.com/is/image/Underarmour/3021862-003_A?rp=standard-30pad|gridTileDesktop&scl=1&fmt=jpg&qlt=50&resMode=sharp2&cache=on,on&bgc=F0F0F0&wid=512&hei=640&size=472,600
underarmor,mens,running,https://underarmour.scene7.com/is/image/Underarmour/3023227-600_DEFAULT?rp=standard-30pad|gridTileDesktop&scl=1&fmt=jpg&qlt=50&resMode=sharp2&cache=on,on&bgc=F0F0F0&wid=512&hei=640&size=472,600
underarmor,mens,running,https://underarmour.scene7.com/is/image/Underarmour/3023227-600_A?rp=standard-30pad|gridTileDesktop&scl=1&fmt=jpg&qlt=50&resMode=sharp2&cache=on,on&bgc=F0F0F0&wid=512&hei=640&size=472,600
underarmor,mens,running,https://underarmour.scene7.com/is/image/Underarmour/3023612-001_DEFAULT?rp=standard-30pad|gridTileDesktop&scl=1&fmt=jpg&qlt=50&resMode=sharp2&cache=on,on&bgc=F0F0F0&wid=512&hei=640&size=472,600
underarmor,mens,running,https://underarmour.scene7.com/is/image/Underarmour/3023612-001_A?rp=standard-30pad|gridTileDesktop&scl=1&fmt=jpg&qlt=50&resMode=sharp2&cache=on,on&bgc=F0F0F0&wid=512&hei=640&size=472,600
underarmor,mens,running,https://underarmour.scene7.com/is/image/Underarmour/3024066-400_DEFAULT?rp=standard-30pad|gridTileDesktop&scl=1&fmt=jpg&qlt=50&resMode=sharp2&cache=on,on&bgc=F0F0F0&wid=512&hei=640&size=472,600
underarmor,mens,running,https://underarmour.scene7.com/is/image/Underarmour/3024066-400_A?rp=standard-30pad|gridTileDesktop&scl=1&fmt=jpg&qlt=50&resMode=sharp2&cache=on,on&bgc=F0F0F0&wid=512&hei=640&size=472,600
underarmor,mens,running,https://underarmour.scene7.com/is/image/Underarmour/3023691-001_DEFAULT?rp=standard-30pad|gridTileDesktop&scl=1&fmt=jpg&qlt=50&resMode=sharp2&cache=on,on&bgc=F0F0F0&wid=512&hei=640&size=472,600
underarmor,mens,running,https://underarmour.scene7.com/is/image/Underarmour/3023691-001_A?rp=standard-30pad|gridTileDesktop&scl=1&fmt=jpg&qlt=50&resMode=sharp2&cache=on,on&bgc=F0F0F0&wid=512&hei=640&size=472,600
underarmor,mens,running,https://underarmour.scene7.com/is/image/Underarmour/3000019-001_DEFAULT?rp=standard-30pad|gridTileDesktop&scl=1&fmt=jpg&qlt=50&resMode=sharp2&cache=on,on&bgc=F0F0F0&wid=512&hei=640&size=472,600
underarmor,mens,running,https://underarmour.scene7.com/is/image/Underarmour/3000019-001_A?rp=standard-30pad|gridTileDesktop&scl=1&fmt=jpg&qlt=50&resMode=sharp2&cache=on,on&bgc=F0F0F0&wid=512&hei=640&size=472,600
underarmor,mens,running,https://underarmour.scene7.com/is/image/Underarmour/3023537-101_DEFAULT?rp=standard-30pad|gridTileDesktop&scl=1&fmt=jpg&qlt=50&resMode=sharp2&cache=on,on&bgc=F0F0F0&wid=512&hei=640&size=472,600
underarmor,mens,running,https://underarmour.scene7.com/is/image/Underarmour/3023537-101_A?rp=standard-30pad|gridTileDesktop&scl=1&fmt=jpg&qlt=50&resMode=sharp2&cache=on,on&bgc=F0F0F0&wid=512&hei=640&size=472,600
underarmor,mens,running,https://underarmour.scene7.com/is/image/Underarmour/3021831-004_DEFAULT?rp=standard-30pad|gridTileDesktop&scl=1&fmt=jpg&qlt=50&resMode=sharp2&cache=on,on&bgc=F0F0F0&wid=512&hei=640&size=472,600
underarmor,mens,running,https://underarmour.scene7.com/is/image/Underarmour/3021831-004_A?rp=standard-30pad|gridTileDesktop&scl=1&fmt=jpg&qlt=50&resMode=sharp2&cache=on,on&bgc=F0F0F0&wid=512&hei=640&size=472,600
underarmor,mens,running,https://underarmour.scene7.com/is/image/Underarmour/3022002-001_DEFAULT?rp=standard-30pad|gridTileDesktop&scl=1&fmt=jpg&qlt=50&resMode=sharp2&cache=on,on&bgc=F0F0F0&wid=512&hei=640&size=472,600
underarmor,mens,running,https://underarmour.scene7.com/is/image/Underarmour/3022002-001_A?rp=standard-30pad|gridTileDesktop&scl=1&fmt=jpg&qlt=50&resMode=sharp2&cache=on,on&bgc=F0F0F0&wid=512&hei=640&size=472,600
underarmor,mens,running,https://underarmour.scene7.com/is/image/Underarmour/3021864-101_DEFAULT?rp=standard-30pad|gridTileDesktop&scl=1&fmt=jpg&qlt=50&resMode=sharp2&cache=on,on&bgc=F0F0F0&wid=512&hei=640&size=472,600
underarmor,mens,running,https://underarmour.scene7.com/is/image/Underarmour/3021864-101_A?rp=standard-30pad|gridTileDesktop&scl=1&fmt=jpg&qlt=50&resMode=sharp2&cache=on,on&bgc=F0F0F0&wid=512&hei=640&size=472,600
underarmor,mens,running,https://underarmour.scene7.com/is/image/Underarmour/3022003-100_DEFAULT?rp=standard-30pad|gridTileDesktop&scl=1&fmt=jpg&qlt=50&resMode=sharp2&cache=on,on&bgc=F0F0F0&wid=512&hei=640&size=472,600
underarmor,mens,running,https://underarmour.scene7.com/is/image/Underarmour/3022003-100_A?rp=standard-30pad|gridTileDesktop&scl=1&fmt=jpg&qlt=50&resMode=sharp2&cache=on,on&bgc=F0F0F0&wid=512&hei=640&size=472,600
underarmor,mens,running,https://underarmour.scene7.com/is/image/Underarmour/3023690-001_DEFAULT?rp=standard-30pad|gridTileDesktop&scl=1&fmt=jpg&qlt=50&resMode=sharp2&cache=on,on&bgc=F0F0F0&wid=512&hei=640&size=472,600
underarmor,mens,running,https://underarmour.scene7.com/is/image/Underarmour/3023690-001_A?rp=standard-30pad|gridTileDesktop&scl=1&fmt=jpg&qlt=50&resMode=sharp2&cache=on,on&bgc=F0F0F0&wid=512&hei=640&size=472,600
underarmor,mens,running,https://underarmour.scene7.com/is/image/Underarmour/3000020-101_DEFAULT?rp=standard-30pad|gridTileDesktop&scl=1&fmt=jpg&qlt=50&resMode=sharp2&cache=on,on&bgc=F0F0F0&wid=512&hei=640&size=472,600
underarmor,mens,running,https://underarmour.scene7.com/is/image/Underarmour/3000020-101_A?rp=standard-30pad|gridTileDesktop&scl=1&fmt=jpg&qlt=50&resMode=sharp2&cache=on,on&bgc=F0F0F0&wid=512&hei=640&size=472,600
underarmor,mens,baseball,https://underarmour.scene7.com/is/image/Underarmour/3023001-001_DEFAULT?rp=standard-30pad|gridTileDesktop&scl=1&fmt=jpg&qlt=50&resMode=sharp2&cache=on,on&bgc=F0F0F0&wid=512&hei=640&size=472,600
underarmor,mens,baseball,https://underarmour.scene7.com/is/image/Underarmour/3023001-001_A?rp=standard-30pad|gridTileDesktop&scl=1&fmt=jpg&qlt=50&resMode=sharp2&cache=on,on&bgc=F0F0F0&wid=512&hei=640&size=472,600
underarmor,mens,baseball,https://underarmour.scene7.com/is/image/Underarmour/3023388-100_DEFAULT?rp=standard-30pad|gridTileDesktop&scl=1&fmt=jpg&qlt=50&resMode=sharp2&cache=on,on&bgc=F0F0F0&wid=512&hei=640&size=472,600
underarmor,mens,baseball,https://underarmour.scene7.com/is/image/Underarmour/3023388-100_A?rp=standard-30pad|gridTileDesktop&scl=1&fmt=jpg&qlt=50&resMode=sharp2&cache=on,on&bgc=F0F0F0&wid=512&hei=640&size=472,600
underarmor,mens,baseball,https://underarmour.scene7.com/is/image/Underarmour/3023496-400_DEFAULT?rp=standard-30pad|gridTileDesktop&scl=1&fmt=jpg&qlt=50&resMode=sharp2&cache=on,on&bgc=F0F0F0&wid=512&hei=640&size=472,600
underarmor,mens,baseball,https://underarmour.scene7.com/is/image/Underarmour/3023496-400_A?rp=standard-30pad|gridTileDesktop&scl=1&fmt=jpg&qlt=50&resMode=sharp2&cache=on,on&bgc=F0F0F0&wid=512&hei=640&size=472,600
underarmor,mens,baseball,https://underarmour.scene7.com/is/image/Underarmour/3023438-400_DEFAULT?rp=standard-30pad|gridTileDesktop&scl=1&fmt=jpg&qlt=50&resMode=sharp2&cache=on,on&bgc=F0F0F0&wid=512&hei=640&size=472,600
underarmor,mens,baseball,https://underarmour.scene7.com/is/image/Underarmour/3023438-400_A?rp=standard-30pad|gridTileDesktop&scl=1&fmt=jpg&qlt=50&resMode=sharp2&cache=on,on&bgc=F0F0F0&wid=512&hei=640&size=472,600
underarmor,mens,baseball,https://underarmour.scene7.com/is/image/Underarmour/3023491-800_DEFAULT?rp=standard-30pad|gridTileDesktop&scl=1&fmt=jpg&qlt=50&resMode=sharp2&cache=on,on&bgc=F0F0F0&wid=512&hei=640&size=472,600
underarmor,mens,baseball,https://underarmour.scene7.com/is/image/Underarmour/3023491-800_A?rp=standard-30pad|gridTileDesktop&scl=1&fmt=jpg&qlt=50&resMode=sharp2&cache=on,on&bgc=F0F0F0&wid=512&hei=640&size=472,600
underarmor,mens,baseball,https://underarmour.scene7.com/is/image/Underarmour/3023492-800_DEFAULT?rp=standard-30pad|gridTileDesktop&scl=1&fmt=jpg&qlt=50&resMode=sharp2&cache=on,on&bgc=F0F0F0&wid=512&hei=640&size=472,600
underarmor,mens,baseball,https://underarmour.scene7.com/is/image/Underarmour/3023492-800_A?rp=standard-30pad|gridTileDesktop&scl=1&fmt=jpg&qlt=50&resMode=sharp2&cache=on,on&bgc=F0F0F0&wid=512&hei=640&size=472,600
underarmor,mens,baseball,https://underarmour.scene7.com/is/image/Underarmour/3023436-100_DEFAULT?rp=standard-30pad|gridTileDesktop&scl=1&fmt=jpg&qlt=50&resMode=sharp2&cache=on,on&bgc=F0F0F0&wid=512&hei=640&size=472,600
underarmor,mens,baseball,https://underarmour.scene7.com/is/image/Underarmour/3023436-100_A?rp=standard-30pad|gridTileDesktop&scl=1&fmt=jpg&qlt=50&resMode=sharp2&cache=on,on&bgc=F0F0F0&wid=512&hei=640&size=472,600
underarmor,mens,baseball,https://underarmour.scene7.com/is/image/Underarmour/3023000-002_DEFAULT?rp=standard-30pad|gridTileDesktop&scl=1&fmt=jpg&qlt=50&resMode=sharp2&cache=on,on&bgc=F0F0F0&wid=512&hei=640&size=472,600
underarmor,mens,baseball,https://underarmour.scene7.com/is/image/Underarmour/3023000-002_A?rp=standard-30pad|gridTileDesktop&scl=1&fmt=jpg&qlt=50&resMode=sharp2&cache=on,on&bgc=F0F0F0&wid=512&hei=640&size=472,600
underarmor,mens,baseball,https://underarmour.scene7.com/is/image/Underarmour/3021935-001_DEFAULT?rp=standard-30pad|gridTileDesktop&scl=1&fmt=jpg&qlt=50&resMode=sharp2&cache=on,on&bgc=F0F0F0&wid=512&hei=640&size=472,600
underarmor,mens,baseball,https://underarmour.scene7.com/is/image/Underarmour/3021935-001_A?rp=standard-30pad|gridTileDesktop&scl=1&fmt=jpg&qlt=50&resMode=sharp2&cache=on,on&bgc=F0F0F0&wid=512&hei=640&size=472,600
underarmor,mens,baseball,https://underarmour.scene7.com/is/image/Underarmour/3022999-002_DEFAULT?rp=standard-30pad|gridTileDesktop&scl=1&fmt=jpg&qlt=50&resMode=sharp2&cache=on,on&bgc=F0F0F0&wid=512&hei=640&size=472,600
underarmor,mens,baseball,https://underarmour.scene7.com/is/image/Underarmour/3022999-002_A?rp=standard-30pad|gridTileDesktop&scl=1&fmt=jpg&qlt=50&resMode=sharp2&cache=on,on&bgc=F0F0F0&wid=512&hei=640&size=472,600
underarmor,mens,baseball,https://underarmour.scene7.com/is/image/Underarmour/3023443-001_DEFAULT?rp=standard-30pad|gridTileDesktop&scl=1&fmt=jpg&qlt=50&resMode=sharp2&cache=on,on&bgc=F0F0F0&wid=512&hei=640&size=472,600
underarmor,mens,baseball,https://underarmour.scene7.com/is/image/Underarmour/3023443-001_A?rp=standard-30pad|gridTileDesktop&scl=1&fmt=jpg&qlt=50&resMode=sharp2&cache=on,on&bgc=F0F0F0&wid=512&hei=640&size=472,600
underarmor,mens,baseball,https://underarmour.scene7.com/is/image/Underarmour/3023442-001_DEFAULT?rp=standard-30pad|gridTileDesktop&scl=1&fmt=jpg&qlt=50&resMode=sharp2&cache=on,on&bgc=F0F0F0&wid=512&hei=640&size=472,600
underarmor,mens,baseball,https://underarmour.scene7.com/is/image/Underarmour/3023442-001_A?rp=standard-30pad|gridTileDesktop&scl=1&fmt=jpg&qlt=50&resMode=sharp2&cache=on,on&bgc=F0F0F0&wid=512&hei=640&size=472,600
underarmor,mens,baseball,https://underarmour.scene7.com/is/image/Underarmour/3023439-001_DEFAULT?rp=standard-30pad|gridTileDesktop&scl=1&fmt=jpg&qlt=50&resMode=sharp2&cache=on,on&bgc=F0F0F0&wid=512&hei=640&size=472,600
underarmor,mens,baseball,https://underarmour.scene7.com/is/image/Underarmour/3023439-001_A?rp=standard-30pad|gridTileDesktop&scl=1&fmt=jpg&qlt=50&resMode=sharp2&cache=on,on&bgc=F0F0F0&wid=512&hei=640&size=472,600
underarmor,mens,baseball,https://underarmour.scene7.com/is/image/Underarmour/3022071-001_DEFAULT?rp=standard-30pad|gridTileDesktop&scl=1&fmt=jpg&qlt=50&resMode=sharp2&cache=on,on&bgc=F0F0F0&wid=512&hei=640&size=472,600
underarmor,mens,baseball,https://underarmour.scene7.com/is/image/Underarmour/3022071-001_A?rp=standard-30pad|gridTileDesktop&scl=1&fmt=jpg&qlt=50&resMode=sharp2&cache=on,on&bgc=F0F0F0&wid=512&hei=640&size=472,600
underarmor,mens,baseball,https://underarmour.scene7.com/is/image/Underarmour/3023440-003_DEFAULT?rp=standard-30pad|gridTileDesktop&scl=1&fmt=jpg&qlt=50&resMode=sharp2&cache=on,on&bgc=F0F0F0&wid=512&hei=640&size=472,600
underarmor,mens,baseball,https://underarmour.scene7.com/is/image/Underarmour/3023440-003_A?rp=standard-30pad|gridTileDesktop&scl=1&fmt=jpg&qlt=50&resMode=sharp2&cache=on,on&bgc=F0F0F0&wid=512&hei=640&size=472,600
underarmor,mens,baseball,https://underarmour.scene7.com/is/image/Underarmour/3023441-001_DEFAULT?rp=standard-30pad|gridTileDesktop&scl=1&fmt=jpg&qlt=50&resMode=sharp2&cache=on,on&bgc=F0F0F0&wid=512&hei=640&size=472,600
underarmor,mens,baseball,https://underarmour.scene7.com/is/image/Underarmour/3023441-001_A?rp=standard-30pad|gridTileDesktop&scl=1&fmt=jpg&qlt=50&resMode=sharp2&cache=on,on&bgc=F0F0F0&wid=512&hei=640&size=472,600
underarmor,mens,baseball,https://underarmour.scene7.com/is/image/Underarmour/3022069-002_DEFAULT?rp=standard-30pad|gridTileDesktop&scl=1&fmt=jpg&qlt=50&resMode=sharp2&cache=on,on&bgc=F0F0F0&wid=512&hei=640&size=472,600
underarmor,mens,baseball,https://underarmour.scene7.com/is/image/Underarmour/3022069-002_A?rp=standard-30pad|gridTileDesktop&scl=1&fmt=jpg&qlt=50&resMode=sharp2&cache=on,on&bgc=F0F0F0&wid=512&hei=640&size=472,600
underarmor,mens,basketball,https://underarmour.scene7.com/is/image/Underarmour/3023086-401_DEFAULT?rp=standard-30pad|gridTileDesktop&scl=1&fmt=jpg&qlt=50&resMode=sharp2&cache=on,on&bgc=F0F0F0&wid=512&hei=640&size=472,600
underarmor,mens,basketball,https://underarmour.scene7.com/is/image/Underarmour/3023086-401_A?rp=standard-30pad|gridTileDesktop&scl=1&fmt=jpg&qlt=50&resMode=sharp2&cache=on,on&bgc=F0F0F0&wid=512&hei=640&size=472,600
underarmor,mens,basketball,https://underarmour.scene7.com/is/image/Underarmour/3023088-602_DEFAULT?rp=standard-30pad|gridTileDesktop&scl=1&fmt=jpg&qlt=50&resMode=sharp2&cache=on,on&bgc=F0F0F0&wid=512&hei=640&size=472,600
underarmor,mens,basketball,https://underarmour.scene7.com/is/image/Underarmour/3023088-602_A?rp=standard-30pad|gridTileDesktop&scl=1&fmt=jpg&qlt=50&resMode=sharp2&cache=on,on&bgc=F0F0F0&wid=512&hei=640&size=472,600
underarmor,mens,basketball,https://underarmour.scene7.com/is/image/Underarmour/3021258-001_DEFAULT?rp=standard-30pad|gridTileDesktop&scl=1&fmt=jpg&qlt=50&resMode=sharp2&cache=on,on&bgc=F0F0F0&wid=512&hei=640&size=472,600
underarmor,mens,basketball,https://underarmour.scene7.com/is/image/Underarmour/3021258-001_A?rp=standard-30pad|gridTileDesktop&scl=1&fmt=jpg&qlt=50&resMode=sharp2&cache=on,on&bgc=F0F0F0&wid=512&hei=640&size=472,600
underarmor,mens,basketball,https://underarmour.scene7.com/is/image/Underarmour/3023300-002_DEFAULT?rp=standard-30pad|gridTileDesktop&scl=1&fmt=jpg&qlt=50&resMode=sharp2&cache=on,on&bgc=F0F0F0&wid=512&hei=640&size=472,600
underarmor,mens,basketball,https://underarmour.scene7.com/is/image/Underarmour/3023300-002_A?rp=standard-30pad|gridTileDesktop&scl=1&fmt=jpg&qlt=50&resMode=sharp2&cache=on,on&bgc=F0F0F0&wid=512&hei=640&size=472,600
underarmor,mens,basketball,https://underarmour.scene7.com/is/image/Underarmour/3023838-407_DEFAULT?rp=standard-30pad|gridTileDesktop&scl=1&fmt=jpg&qlt=50&resMode=sharp2&cache=on,on&bgc=F0F0F0&wid=512&hei=640&size=472,600
underarmor,mens,basketball,https://underarmour.scene7.com/is/image/Underarmour/3023838-407_A?rp=standard-30pad|gridTileDesktop&scl=1&fmt=jpg&qlt=50&resMode=sharp2&cache=on,on&bgc=F0F0F0&wid=512&hei=640&size=472,600
underarmor,mens,basketball,https://underarmour.scene7.com/is/image/Underarmour/3023949-001_DEFAULT?rp=standard-30pad|gridTileDesktop&scl=1&fmt=jpg&qlt=50&resMode=sharp2&cache=on,on&bgc=F0F0F0&wid=512&hei=640&size=472,600
underarmor,mens,basketball,https://underarmour.scene7.com/is/image/Underarmour/3023949-001_A?rp=standard-30pad|gridTileDesktop&scl=1&fmt=jpg&qlt=50&resMode=sharp2&cache=on,on&bgc=F0F0F0&wid=512&hei=640&size=472,600
underarmor,mens,basketball,https://underarmour.scene7.com/is/image/Underarmour/3022048-001_DEFAULT?rp=standard-30pad|gridTileDesktop&scl=1&fmt=jpg&qlt=50&resMode=sharp2&cache=on,on&bgc=F0F0F0&wid=512&hei=640&size=472,600
underarmor,mens,basketball,https://underarmour.scene7.com/is/image/Underarmour/3022048-001_A?rp=standard-30pad|gridTileDesktop&scl=1&fmt=jpg&qlt=50&resMode=sharp2&cache=on,on&bgc=F0F0F0&wid=512&hei=640&size=472,600
underarmor,mens,basketball,https://underarmour.scene7.com/is/image/Underarmour/3023917-101_DEFAULT?rp=standard-30pad|gridTileDesktop&scl=1&fmt=jpg&qlt=50&resMode=sharp2&cache=on,on&bgc=F0F0F0&wid=512&hei=640&size=472,600
underarmor,mens,basketball,https://underarmour.scene7.com/is/image/Underarmour/3023917-101_A?rp=standard-30pad|gridTileDesktop&scl=1&fmt=jpg&qlt=50&resMode=sharp2&cache=on,on&bgc=F0F0F0&wid=512&hei=640&size=472,600
underarmor,mens,basketball,https://underarmour.scene7.com/is/image/Underarmour/3022893-008_DEFAULT?rp=standard-30pad|gridTileDesktop&scl=1&fmt=jpg&qlt=50&resMode=sharp2&cache=on,on&bgc=F0F0F0&wid=512&hei=640&size=472,600
underarmor,mens,basketball,https://underarmour.scene7.com/is/image/Underarmour/3022893-008_A?rp=standard-30pad|gridTileDesktop&scl=1&fmt=jpg&qlt=50&resMode=sharp2&cache=on,on&bgc=F0F0F0&wid=512&hei=640&size=472,600
underarmor,mens,basketball,https://underarmour.scene7.com/is/image/Underarmour/3023595-500_DEFAULT?rp=standard-30pad|gridTileDesktop&scl=1&fmt=jpg&qlt=50&resMode=sharp2&cache=on,on&bgc=F0F0F0&wid=512&hei=640&size=472,600
underarmor,mens,basketball,https://underarmour.scene7.com/is/image/Underarmour/3023595-500_A?rp=standard-30pad|gridTileDesktop&scl=1&fmt=jpg&qlt=50&resMode=sharp2&cache=on,on&bgc=F0F0F0&wid=512&hei=640&size=472,600
underarmor,mens,basketball,https://underarmour.scene7.com/is/image/Underarmour/3022626-001_DEFAULT?rp=standard-30pad|gridTileDesktop&scl=1&fmt=jpg&qlt=50&resMode=sharp2&cache=on,on&bgc=F0F0F0&wid=512&hei=640&size=472,600
underarmor,mens,basketball,https://underarmour.scene7.com/is/image/Underarmour/3022626-001_A?rp=standard-30pad|gridTileDesktop&scl=1&fmt=jpg&qlt=50&resMode=sharp2&cache=on,on&bgc=F0F0F0&wid=512&hei=640&size=472,600
underarmor,mens,basketball,https://underarmour.scene7.com/is/image/Underarmour/3022052-005_DEFAULT?rp=standard-30pad|gridTileDesktop&scl=1&fmt=jpg&qlt=50&resMode=sharp2&cache=on,on&bgc=F0F0F0&wid=512&hei=640&size=472,600
underarmor,mens,basketball,https://underarmour.scene7.com/is/image/Underarmour/3022052-005_A?rp=standard-30pad|gridTileDesktop&scl=1&fmt=jpg&qlt=50&resMode=sharp2&cache=on,on&bgc=F0F0F0&wid=512&hei=640&size=472,600
underarmor,mens,basketball,https://underarmour.scene7.com/is/image/Underarmour/3023334-004_DEFAULT?rp=standard-30pad|gridTileDesktop&scl=1&fmt=jpg&qlt=50&resMode=sharp2&cache=on,on&bgc=F0F0F0&wid=512&hei=640&size=472,600
underarmor,mens,basketball,https://underarmour.scene7.com/is/image/Underarmour/3023334-004_A?rp=standard-30pad|gridTileDesktop&scl=1&fmt=jpg&qlt=50&resMode=sharp2&cache=on,on&bgc=F0F0F0&wid=512&hei=640&size=472,600
underarmor,mens,basketball,https://underarmour.scene7.com/is/image/Underarmour/3022051-005_DEFAULT?rp=standard-30pad|gridTileDesktop&scl=1&fmt=jpg&qlt=50&resMode=sharp2&cache=on,on&bgc=F0F0F0&wid=512&hei=640&size=472,600
underarmor,mens,basketball,https://underarmour.scene7.com/is/image/Underarmour/3022051-005_A?rp=standard-30pad|gridTileDesktop&scl=1&fmt=jpg&qlt=50&resMode=sharp2&cache=on,on&bgc=F0F0F0&wid=512&hei=640&size=472,600
underarmor,mens,football,https://underarmour.scene7.com/is/image/Underarmour/3022654-001_DEFAULT?rp=standard-30pad|gridTileDesktop&scl=1&fmt=jpg&qlt=50&resMode=sharp2&cache=on,on&bgc=F0F0F0&wid=512&hei=640&size=472,600
underarmor,mens,football,https://underarmour.scene7.com/is/image/Underarmour/3022654-001_A?rp=standard-30pad|gridTileDesktop&scl=1&fmt=jpg&qlt=50&resMode=sharp2&cache=on,on&bgc=F0F0F0&wid=512&hei=640&size=472,600
underarmor,mens,football,https://underarmour.scene7.com/is/image/Underarmour/3021478-001_DEFAULT?rp=standard-30pad|gridTileDesktop&scl=1&fmt=jpg&qlt=50&resMode=sharp2&cache=on,on&bgc=F0F0F0&wid=512&hei=640&size=472,600
underarmor,mens,football,https://underarmour.scene7.com/is/image/Underarmour/3021478-001_A?rp=standard-30pad|gridTileDesktop&scl=1&fmt=jpg&qlt=50&resMode=sharp2&cache=on,on&bgc=F0F0F0&wid=512&hei=640&size=472,600
underarmor,mens,football,https://underarmour.scene7.com/is/image/Underarmour/3023189-001_DEFAULT?rp=standard-30pad|gridTileDesktop&scl=1&fmt=jpg&qlt=50&resMode=sharp2&cache=on,on&bgc=F0F0F0&wid=512&hei=640&size=472,600
underarmor,mens,football,https://underarmour.scene7.com/is/image/Underarmour/3023189-001_A?rp=standard-30pad|gridTileDesktop&scl=1&fmt=jpg&qlt=50&resMode=sharp2&cache=on,on&bgc=F0F0F0&wid=512&hei=640&size=472,600
underarmor,mens,football,https://underarmour.scene7.com/is/image/Underarmour/3023190-001_DEFAULT?rp=standard-30pad|gridTileDesktop&scl=1&fmt=jpg&qlt=50&resMode=sharp2&cache=on,on&bgc=F0F0F0&wid=512&hei=640&size=472,600
underarmor,mens,football,https://underarmour.scene7.com/is/image/Underarmour/3023190-001_A?rp=standard-30pad|gridTileDesktop&scl=1&fmt=jpg&qlt=50&resMode=sharp2&cache=on,on&bgc=F0F0F0&wid=512&hei=640&size=472,600
underarmor,mens,golf,https://underarmour.scene7.com/is/image/Underarmour/3022764-100_DEFAULT?rp=standard-30pad|gridTileDesktop&scl=1&fmt=jpg&qlt=50&resMode=sharp2&cache=on,on&bgc=F0F0F0&wid=512&hei=640&size=472,600
underarmor,mens,golf,https://underarmour.scene7.com/is/image/Underarmour/3022764-100_A?rp=standard-30pad|gridTileDesktop&scl=1&fmt=jpg&qlt=50&resMode=sharp2&cache=on,on&bgc=F0F0F0&wid=512&hei=640&size=472,600
underarmor,mens,golf,https://underarmour.scene7.com/is/image/Underarmour/FW20_GLF_MyGolfSpy_2020_Badge?&fmt=png-alpha&size=160,160
underarmor,mens,golf,https://underarmour.scene7.com/is/image/Underarmour/3022758-001_DEFAULT?rp=standard-30pad|gridTileDesktop&scl=1&fmt=jpg&qlt=50&resMode=sharp2&cache=on,on&bgc=F0F0F0&wid=512&hei=640&size=472,600
underarmor,mens,golf,https://underarmour.scene7.com/is/image/Underarmour/3022758-001_A?rp=standard-30pad|gridTileDesktop&scl=1&fmt=jpg&qlt=50&resMode=sharp2&cache=on,on&bgc=F0F0F0&wid=512&hei=640&size=472,600
underarmor,mens,golf,https://underarmour.scene7.com/is/image/Underarmour/3022762-100_DEFAULT?rp=standard-30pad|gridTileDesktop&scl=1&fmt=jpg&qlt=50&resMode=sharp2&cache=on,on&bgc=F0F0F0&wid=512&hei=640&size=472,600
underarmor,mens,golf,https://underarmour.scene7.com/is/image/Underarmour/3022762-100_A?rp=standard-30pad|gridTileDesktop&scl=1&fmt=jpg&qlt=50&resMode=sharp2&cache=on,on&bgc=F0F0F0&wid=512&hei=640&size=472,600
underarmor,mens,golf,https://underarmour.scene7.com/is/image/Underarmour/3022760-100_DEFAULT?rp=standard-30pad|gridTileDesktop&scl=1&fmt=jpg&qlt=50&resMode=sharp2&cache=on,on&bgc=F0F0F0&wid=512&hei=640&size=472,600
underarmor,mens,golf,https://underarmour.scene7.com/is/image/Underarmour/3022760-100_A?rp=standard-30pad|gridTileDesktop&scl=1&fmt=jpg&qlt=50&resMode=sharp2&cache=on,on&bgc=F0F0F0&wid=512&hei=640&size=472,600
underarmor,mens,golf,https://underarmour.scene7.com/is/image/Underarmour/3023170-001_DEFAULT?rp=standard-30pad|gridTileDesktop&scl=1&fmt=jpg&qlt=50&resMode=sharp2&cache=on,on&bgc=F0F0F0&wid=512&hei=640&size=472,600
underarmor,mens,golf,https://underarmour.scene7.com/is/image/Underarmour/3023170-001_A?rp=standard-30pad|gridTileDesktop&scl=1&fmt=jpg&qlt=50&resMode=sharp2&cache=on,on&bgc=F0F0F0&wid=512&hei=640&size=472,600
underarmor,mens,golf,https://underarmour.scene7.com/is/image/Underarmour/3023328-100_DEFAULT?rp=standard-30pad|gridTileDesktop&scl=1&fmt=jpg&qlt=50&resMode=sharp2&cache=on,on&bgc=F0F0F0&wid=512&hei=640&size=472,600
underarmor,mens,golf,https://underarmour.scene7.com/is/image/Underarmour/3023328-100_A?rp=standard-30pad|gridTileDesktop&scl=1&fmt=jpg&qlt=50&resMode=sharp2&cache=on,on&bgc=F0F0F0&wid=512&hei=640&size=472,600
underarmor,mens,golf,https://underarmour.scene7.com/is/image/Underarmour/3023329-100_DEFAULT?rp=standard-30pad|gridTileDesktop&scl=1&fmt=jpg&qlt=50&resMode=sharp2&cache=on,on&bgc=F0F0F0&wid=512&hei=640&size=472,600
underarmor,mens,golf,https://underarmour.scene7.com/is/image/Underarmour/3023329-100_A?rp=standard-30pad|gridTileDesktop&scl=1&fmt=jpg&qlt=50&resMode=sharp2&cache=on,on&bgc=F0F0F0&wid=512&hei=640&size=472,600
underarmor,mens,golf,https://underarmour.scene7.com/is/image/Underarmour/3023325-100_DEFAULT?rp=standard-30pad|gridTileDesktop&scl=1&fmt=jpg&qlt=50&resMode=sharp2&cache=on,on&bgc=F0F0F0&wid=512&hei=640&size=472,600
underarmor,mens,golf,https://underarmour.scene7.com/is/image/Underarmour/3023325-100_A?rp=standard-30pad|gridTileDesktop&scl=1&fmt=jpg&qlt=50&resMode=sharp2&cache=on,on&bgc=F0F0F0&wid=512&hei=640&size=472,600
underarmor,mens,golf,https://underarmour.scene7.com/is/image/Underarmour/3023324-100_DEFAULT?rp=standard-30pad|gridTileDesktop&scl=1&fmt=jpg&qlt=50&resMode=sharp2&cache=on,on&bgc=F0F0F0&wid=512&hei=640&size=472,600
underarmor,mens,golf,https://underarmour.scene7.com/is/image/Underarmour/3023324-100_A?rp=standard-30pad|gridTileDesktop&scl=1&fmt=jpg&qlt=50&resMode=sharp2&cache=on,on&bgc=F0F0F0&wid=512&hei=640&size=472,600
underarmor,mens,golf,https://underarmour.scene7.com/is/image/Underarmour/3023326-001_DEFAULT?rp=standard-30pad|gridTileDesktop&scl=1&fmt=jpg&qlt=50&resMode=sharp2&cache=on,on&bgc=F0F0F0&wid=512&hei=640&size=472,600
underarmor,mens,golf,https://underarmour.scene7.com/is/image/Underarmour/3023326-001_A?rp=standard-30pad|gridTileDesktop&scl=1&fmt=jpg&qlt=50&resMode=sharp2&cache=on,on&bgc=F0F0F0&wid=512&hei=640&size=472,600
underarmor,mens,golf,https://underarmour.scene7.com/is/image/Underarmour/3022259-001_DEFAULT?rp=standard-30pad|gridTileDesktop&scl=1&fmt=jpg&qlt=85&resMode=sharp2&cache=on,on&bgc=F0F0F0&wid=256&hei=320&size=236,300
underarmor,mens,golf,https://underarmour.scene7.com/is/image/Underarmour/3022259-001_A?rp=standard-30pad|gridTileDesktop&scl=1&fmt=jpg&qlt=85&resMode=sharp2&cache=on,on&bgc=F0F0F0&wid=256&hei=320&size=236,300
underarmor,mens,soccer,https://underarmour.scene7.com/is/image/Underarmour/3022629-001_DEFAULT?rp=standard-30pad|gridTileDesktop&scl=1&fmt=jpg&qlt=50&resMode=sharp2&cache=on,on&bgc=F0F0F0&wid=512&hei=640&size=472,600
underarmor,mens,soccer,https://underarmour.scene7.com/is/image/Underarmour/3022629-001_A?rp=standard-30pad|gridTileDesktop&scl=1&fmt=jpg&qlt=50&resMode=sharp2&cache=on,on&bgc=F0F0F0&wid=512&hei=640&size=472,600
underarmor,mens,soccer,https://underarmour.scene7.com/is/image/Underarmour/3022149-001_DEFAULT?rp=standard-30pad|gridTileDesktop&scl=1&fmt=jpg&qlt=50&resMode=sharp2&cache=on,on&bgc=F0F0F0&wid=512&hei=640&size=472,600
underarmor,mens,soccer,https://underarmour.scene7.com/is/image/Underarmour/3022149-001_A?rp=standard-30pad|gridTileDesktop&scl=1&fmt=jpg&qlt=50&resMode=sharp2&cache=on,on&bgc=F0F0F0&wid=512&hei=640&size=472,600
underarmor,mens,soccer,https://underarmour.scene7.com/is/image/Underarmour/3022145-001_DEFAULT?rp=standard-30pad|gridTileDesktop&scl=1&fmt=jpg&qlt=50&resMode=sharp2&cache=on,on&bgc=F0F0F0&wid=512&hei=640&size=472,600
underarmor,mens,soccer,https://underarmour.scene7.com/is/image/Underarmour/3022145-001_A?rp=standard-30pad|gridTileDesktop&scl=1&fmt=jpg&qlt=50&resMode=sharp2&cache=on,on&bgc=F0F0F0&wid=512&hei=640&size=472,600
underarmor,mens,soccer,https://underarmour.scene7.com/is/image/Underarmour/3022144-001_DEFAULT?rp=standard-30pad|gridTileDesktop&scl=1&fmt=jpg&qlt=50&resMode=sharp2&cache=on,on&bgc=F0F0F0&wid=512&hei=640&size=472,600
underarmor,mens,soccer,https://underarmour.scene7.com/is/image/Underarmour/3022144-001_A?rp=standard-30pad|gridTileDesktop&scl=1&fmt=jpg&qlt=50&resMode=sharp2&cache=on,on&bgc=F0F0F0&wid=512&hei=640&size=472,600
underarmor,womens,training,https://underarmour.scene7.com/is/image/Underarmour/3023972-301_DEFAULT?rp=standard-30pad|gridTileDesktop&scl=1&fmt=jpg&qlt=50&resMode=sharp2&cache=on,on&bgc=F0F0F0&wid=512&hei=640&size=472,600
underarmor,womens,training,https://underarmour.scene7.com/is/image/Underarmour/3023972-301_A?rp=standard-30pad|gridTileDesktop&scl=1&fmt=jpg&qlt=50&resMode=sharp2&cache=on,on&bgc=F0F0F0&wid=512&hei=640&size=472,600
underarmor,womens,training,https://underarmour.scene7.com/is/image/Underarmour/3023005-303_DEFAULT?rp=standard-30pad|gridTileDesktop&scl=1&fmt=jpg&qlt=50&resMode=sharp2&cache=on,on&bgc=F0F0F0&wid=512&hei=640&size=472,600
underarmor,womens,training,https://underarmour.scene7.com/is/image/Underarmour/3023005-303_A?rp=standard-30pad|gridTileDesktop&scl=1&fmt=jpg&qlt=50&resMode=sharp2&cache=on,on&bgc=F0F0F0&wid=512&hei=640&size=472,600
underarmor,womens,training,https://underarmour.scene7.com/is/image/Underarmour/3023008-101_DEFAULT?rp=standard-30pad|gridTileDesktop&scl=1&fmt=jpg&qlt=50&resMode=sharp2&cache=on,on&bgc=F0F0F0&wid=512&hei=640&size=472,600
underarmor,womens,training,https://underarmour.scene7.com/is/image/Underarmour/3023008-101_A?rp=standard-30pad|gridTileDesktop&scl=1&fmt=jpg&qlt=50&resMode=sharp2&cache=on,on&bgc=F0F0F0&wid=512&hei=640&size=472,600
underarmor,womens,training,https://underarmour.scene7.com/is/image/Underarmour/3023010-100_DEFAULT?rp=standard-30pad|gridTileDesktop&scl=1&fmt=jpg&qlt=50&resMode=sharp2&cache=on,on&bgc=F0F0F0&wid=512&hei=640&size=472,600
underarmor,womens,training,https://underarmour.scene7.com/is/image/Underarmour/3023010-100_A?rp=standard-30pad|gridTileDesktop&scl=1&fmt=jpg&qlt=50&resMode=sharp2&cache=on,on&bgc=F0F0F0&wid=512&hei=640&size=472,600
underarmor,womens,training,https://underarmour.scene7.com/is/image/Underarmour/3023091-001_DEFAULT?rp=standard-30pad|gridTileDesktop&scl=1&fmt=jpg&qlt=50&resMode=sharp2&cache=on,on&bgc=F0F0F0&wid=512&hei=640&size=472,600
underarmor,womens,training,https://underarmour.scene7.com/is/image/Underarmour/3023091-001_A?rp=standard-30pad|gridTileDesktop&scl=1&fmt=jpg&qlt=50&resMode=sharp2&cache=on,on&bgc=F0F0F0&wid=512&hei=640&size=472,600
underarmor,womens,training,https://underarmour.scene7.com/is/image/Underarmour/3023597-101_DEFAULT?rp=standard-30pad|gridTileDesktop&scl=1&fmt=jpg&qlt=50&resMode=sharp2&cache=on,on&bgc=F0F0F0&wid=512&hei=640&size=472,600
underarmor,womens,training,https://underarmour.scene7.com/is/image/Underarmour/3023597-101_A?rp=standard-30pad|gridTileDesktop&scl=1&fmt=jpg&qlt=50&resMode=sharp2&cache=on,on&bgc=F0F0F0&wid=512&hei=640&size=472,600
underarmor,womens,training,https://underarmour.scene7.com/is/image/Underarmour/3022617-003_DEFAULT?rp=standard-30pad|gridTileDesktop&scl=1&fmt=jpg&qlt=50&resMode=sharp2&cache=on,on&bgc=F0F0F0&wid=512&hei=640&size=472,600
underarmor,womens,training,https://underarmour.scene7.com/is/image/Underarmour/3022617-003_A?rp=standard-30pad|gridTileDesktop&scl=1&fmt=jpg&qlt=50&resMode=sharp2&cache=on,on&bgc=F0F0F0&wid=512&hei=640&size=472,600
underarmor,womens,training,https://underarmour.scene7.com/is/image/Underarmour/3022398-001_DEFAULT?rp=standard-30pad|gridTileDesktop&scl=1&fmt=jpg&qlt=50&resMode=sharp2&cache=on,on&bgc=F0F0F0&wid=512&hei=640&size=472,600
underarmor,womens,training,https://underarmour.scene7.com/is/image/Underarmour/3022398-001_A?rp=standard-30pad|gridTileDesktop&scl=1&fmt=jpg&qlt=50&resMode=sharp2&cache=on,on&bgc=F0F0F0&wid=512&hei=640&size=472,600
underarmor,womens,training,https://underarmour.scene7.com/is/image/Underarmour/3022614-003_DEFAULT?rp=standard-30pad|gridTileDesktop&scl=1&fmt=jpg&qlt=50&resMode=sharp2&cache=on,on&bgc=F0F0F0&wid=512&hei=640&size=472,600
underarmor,womens,training,https://underarmour.scene7.com/is/image/Underarmour/3022614-003_A?rp=standard-30pad|gridTileDesktop&scl=1&fmt=jpg&qlt=50&resMode=sharp2&cache=on,on&bgc=F0F0F0&wid=512&hei=640&size=472,600
underarmor,womens,training,https://underarmour.scene7.com/is/image/Underarmour/3022619-001_DEFAULT?rp=standard-30pad|gridTileDesktop&scl=1&fmt=jpg&qlt=50&resMode=sharp2&cache=on,on&bgc=F0F0F0&wid=512&hei=640&size=472,600
underarmor,womens,training,https://underarmour.scene7.com/is/image/Underarmour/3022619-001_A?rp=standard-30pad|gridTileDesktop&scl=1&fmt=jpg&qlt=50&resMode=sharp2&cache=on,on&bgc=F0F0F0&wid=512&hei=640&size=472,600
underarmor,womens,running,https://underarmour.scene7.com/is/image/Underarmour/3023903-600_DEFAULT?rp=standard-30pad|gridTileDesktop&scl=1&fmt=jpg&qlt=50&resMode=sharp2&cache=on,on&bgc=F0F0F0&wid=512&hei=640&size=472,600
underarmor,womens,running,https://underarmour.scene7.com/is/image/Underarmour/3023903-600_A?rp=standard-30pad|gridTileDesktop&scl=1&fmt=jpg&qlt=50&resMode=sharp2&cache=on,on&bgc=F0F0F0&wid=512&hei=640&size=472,600
underarmor,womens,running,https://underarmour.scene7.com/is/image/Underarmour/3023629-100_DEFAULT?rp=standard-30pad|gridTileDesktop&scl=1&fmt=jpg&qlt=50&resMode=sharp2&cache=on,on&bgc=F0F0F0&wid=512&hei=640&size=472,600
underarmor,womens,running,https://underarmour.scene7.com/is/image/Underarmour/3023629-100_A?rp=standard-30pad|gridTileDesktop&scl=1&fmt=jpg&qlt=50&resMode=sharp2&cache=on,on&bgc=F0F0F0&wid=512&hei=640&size=472,600
underarmor,womens,running,https://underarmour.scene7.com/is/image/Underarmour/3023021-500_DEFAULT?rp=standard-30pad|gridTileDesktop&scl=1&fmt=jpg&qlt=50&resMode=sharp2&cache=on,on&bgc=F0F0F0&wid=512&hei=640&size=472,600
underarmor,womens,running,https://underarmour.scene7.com/is/image/Underarmour/3023021-500_A?rp=standard-30pad|gridTileDesktop&scl=1&fmt=jpg&qlt=50&resMode=sharp2&cache=on,on&bgc=F0F0F0&wid=512&hei=640&size=472,600
underarmor,womens,running,https://underarmour.scene7.com/is/image/Underarmour/3021956-104_DEFAULT?rp=standard-30pad|gridTileDesktop&scl=1&fmt=jpg&qlt=50&resMode=sharp2&cache=on,on&bgc=F0F0F0&wid=512&hei=640&size=472,600
underarmor,womens,running,https://underarmour.scene7.com/is/image/Underarmour/3021956-104_A?rp=standard-30pad|gridTileDesktop&scl=1&fmt=jpg&qlt=50&resMode=sharp2&cache=on,on&bgc=F0F0F0&wid=512&hei=640&size=472,600
underarmor,womens,running,https://underarmour.scene7.com/is/image/Underarmour/3023906-400_DEFAULT?rp=standard-30pad|gridTileDesktop&scl=1&fmt=jpg&qlt=50&resMode=sharp2&cache=on,on&bgc=F0F0F0&wid=512&hei=640&size=472,600
underarmor,womens,running,https://underarmour.scene7.com/is/image/Underarmour/3023906-400_A?rp=standard-30pad|gridTileDesktop&scl=1&fmt=jpg&qlt=50&resMode=sharp2&cache=on,on&bgc=F0F0F0&wid=512&hei=640&size=472,600
underarmor,womens,running,https://underarmour.scene7.com/is/image/Underarmour/3022600-102_DEFAULT?rp=standard-30pad|gridTileDesktop&scl=1&fmt=jpg&qlt=50&resMode=sharp2&cache=on,on&bgc=F0F0F0&wid=512&hei=640&size=472,600
underarmor,womens,running,https://underarmour.scene7.com/is/image/Underarmour/3022600-102_A?rp=standard-30pad|gridTileDesktop&scl=1&fmt=jpg&qlt=50&resMode=sharp2&cache=on,on&bgc=F0F0F0&wid=512&hei=640&size=472,600
underarmor,womens,running,https://underarmour.scene7.com/is/image/Underarmour/3023299-100_DEFAULT?rp=standard-30pad|gridTileDesktop&scl=1&fmt=jpg&qlt=50&resMode=sharp2&cache=on,on&bgc=F0F0F0&wid=512&hei=640&size=472,600
underarmor,womens,running,https://underarmour.scene7.com/is/image/Underarmour/3023299-100_A?rp=standard-30pad|gridTileDesktop&scl=1&fmt=jpg&qlt=50&resMode=sharp2&cache=on,on&bgc=F0F0F0&wid=512&hei=640&size=472,600
underarmor,womens,running,https://underarmour.scene7.com/is/image/Underarmour/3022597-403_DEFAULT?rp=standard-30pad|gridTileDesktop&scl=1&fmt=jpg&qlt=50&resMode=sharp2&cache=on,on&bgc=F0F0F0&wid=512&hei=640&size=472,600
underarmor,womens,running,https://underarmour.scene7.com/is/image/Underarmour/3022597-403_A?rp=standard-30pad|gridTileDesktop&scl=1&fmt=jpg&qlt=50&resMode=sharp2&cache=on,on&bgc=F0F0F0&wid=512&hei=640&size=472,600
underarmor,womens,running,https://underarmour.scene7.com/is/image/Underarmour/3023139-001_DEFAULT?rp=standard-30pad|gridTileDesktop&scl=1&fmt=jpg&qlt=50&resMode=sharp2&cache=on,on&bgc=F0F0F0&wid=512&hei=640&size=472,600
underarmor,womens,running,https://underarmour.scene7.com/is/image/Underarmour/3023139-001_A?rp=standard-30pad|gridTileDesktop&scl=1&fmt=jpg&qlt=50&resMode=sharp2&cache=on,on&bgc=F0F0F0&wid=512&hei=640&size=472,600
underarmor,womens,running,https://underarmour.scene7.com/is/image/Underarmour/3022596-501_DEFAULT?rp=standard-30pad|gridTileDesktop&scl=1&fmt=jpg&qlt=50&resMode=sharp2&cache=on,on&bgc=F0F0F0&wid=512&hei=640&size=472,600
underarmor,womens,running,https://underarmour.scene7.com/is/image/Underarmour/3022596-501_A?rp=standard-30pad|gridTileDesktop&scl=1&fmt=jpg&qlt=50&resMode=sharp2&cache=on,on&bgc=F0F0F0&wid=512&hei=640&size=472,600
underarmor,womens,running,https://underarmour.scene7.com/is/image/Underarmour/3023176-100_DEFAULT?rp=standard-30pad|gridTileDesktop&scl=1&fmt=jpg&qlt=50&resMode=sharp2&cache=on,on&bgc=F0F0F0&wid=512&hei=640&size=472,600
underarmor,womens,running,https://underarmour.scene7.com/is/image/Underarmour/3023176-100_A?rp=standard-30pad|gridTileDesktop&scl=1&fmt=jpg&qlt=50&resMode=sharp2&cache=on,on&bgc=F0F0F0&wid=512&hei=640&size=472,600
underarmor,womens,running,https://underarmour.scene7.com/is/image/Underarmour/3021972-107_DEFAULT?rp=standard-30pad|gridTileDesktop&scl=1&fmt=jpg&qlt=50&resMode=sharp2&cache=on,on&bgc=F0F0F0&wid=512&hei=640&size=472,600
underarmor,womens,running,https://underarmour.scene7.com/is/image/Underarmour/3021972-107_A?rp=standard-30pad|gridTileDesktop&scl=1&fmt=jpg&qlt=50&resMode=sharp2&cache=on,on&bgc=F0F0F0&wid=512&hei=640&size=472,600
underarmor,womens,running,https://underarmour.scene7.com/is/image/Underarmour/3021967-002_DEFAULT?rp=standard-30pad|gridTileDesktop&scl=1&fmt=jpg&qlt=50&resMode=sharp2&cache=on,on&bgc=F0F0F0&wid=512&hei=640&size=472,600
underarmor,womens,running,https://underarmour.scene7.com/is/image/Underarmour/3021967-002_A?rp=standard-30pad|gridTileDesktop&scl=1&fmt=jpg&qlt=50&resMode=sharp2&cache=on,on&bgc=F0F0F0&wid=512&hei=640&size=472,600
underarmor,womens,running,https://underarmour.scene7.com/is/image/Underarmour/3022604-302_DEFAULT?rp=standard-30pad|gridTileDesktop&scl=1&fmt=jpg&qlt=50&resMode=sharp2&cache=on,on&bgc=F0F0F0&wid=512&hei=640&size=472,600
underarmor,womens,running,https://underarmour.scene7.com/is/image/Underarmour/3022604-302_A?rp=standard-30pad|gridTileDesktop&scl=1&fmt=jpg&qlt=50&resMode=sharp2&cache=on,on&bgc=F0F0F0&wid=512&hei=640&size=472,600
underarmor,womens,running,https://underarmour.scene7.com/is/image/Underarmour/3022603-001_DEFAULT?rp=standard-30pad|gridTileDesktop&scl=1&fmt=jpg&qlt=50&resMode=sharp2&cache=on,on&bgc=F0F0F0&wid=512&hei=640&size=472,600
underarmor,womens,running,https://underarmour.scene7.com/is/image/Underarmour/3022603-001_A?rp=standard-30pad|gridTileDesktop&scl=1&fmt=jpg&qlt=50&resMode=sharp2&cache=on,on&bgc=F0F0F0&wid=512&hei=640&size=472,600
underarmor,womens,running,https://underarmour.scene7.com/is/image/Underarmour/3022645-001_DEFAULT?rp=standard-30pad|gridTileDesktop&scl=1&fmt=jpg&qlt=50&resMode=sharp2&cache=on,on&bgc=F0F0F0&wid=512&hei=640&size=472,600
underarmor,womens,running,https://underarmour.scene7.com/is/image/Underarmour/3022645-001_A?rp=standard-30pad|gridTileDesktop&scl=1&fmt=jpg&qlt=50&resMode=sharp2&cache=on,on&bgc=F0F0F0&wid=512&hei=640&size=472,600
underarmor,womens,running,https://underarmour.scene7.com/is/image/Underarmour/3023715-300_DEFAULT?rp=standard-30pad|gridTileDesktop&scl=1&fmt=jpg&qlt=50&resMode=sharp2&cache=on,on&bgc=F0F0F0&wid=512&hei=640&size=472,600
underarmor,womens,running,https://underarmour.scene7.com/is/image/Underarmour/3023715-300_A?rp=standard-30pad|gridTileDesktop&scl=1&fmt=jpg&qlt=50&resMode=sharp2&cache=on,on&bgc=F0F0F0&wid=512&hei=640&size=472,600
underarmor,womens,running,https://underarmour.scene7.com/is/image/Underarmour/3023880-001_DEFAULT?rp=standard-30pad|gridTileDesktop&scl=1&fmt=jpg&qlt=50&resMode=sharp2&cache=on,on&bgc=F0F0F0&wid=512&hei=640&size=472,600
underarmor,womens,running,https://underarmour.scene7.com/is/image/Underarmour/3023880-001_A?rp=standard-30pad|gridTileDesktop&scl=1&fmt=jpg&qlt=50&resMode=sharp2&cache=on,on&bgc=F0F0F0&wid=512&hei=640&size=472,600
underarmor,womens,running,https://underarmour.scene7.com/is/image/Underarmour/3023280-400_DEFAULT?rp=standard-30pad|gridTileDesktop&scl=1&fmt=jpg&qlt=50&resMode=sharp2&cache=on,on&bgc=F0F0F0&wid=512&hei=640&size=472,600
underarmor,womens,running,https://underarmour.scene7.com/is/image/Underarmour/3023280-400_A?rp=standard-30pad|gridTileDesktop&scl=1&fmt=jpg&qlt=50&resMode=sharp2&cache=on,on&bgc=F0F0F0&wid=512&hei=640&size=472,600
underarmor,womens,running,https://underarmour.scene7.com/is/image/Underarmour/3023394-300_DEFAULT?rp=standard-30pad|gridTileDesktop&scl=1&fmt=jpg&qlt=50&resMode=sharp2&cache=on,on&bgc=F0F0F0&wid=512&hei=640&size=472,600
underarmor,womens,running,https://underarmour.scene7.com/is/image/Underarmour/3023394-300_A?rp=standard-30pad|gridTileDesktop&scl=1&fmt=jpg&qlt=50&resMode=sharp2&cache=on,on&bgc=F0F0F0&wid=512&hei=640&size=472,600
underarmor,womens,running,https://underarmour.scene7.com/is/image/Underarmour/3023305-400_DEFAULT?rp=standard-30pad|gridTileDesktop&scl=1&fmt=jpg&qlt=50&resMode=sharp2&cache=on,on&bgc=F0F0F0&wid=512&hei=640&size=472,600
underarmor,womens,running,https://underarmour.scene7.com/is/image/Underarmour/3023305-400_A?rp=standard-30pad|gridTileDesktop&scl=1&fmt=jpg&qlt=50&resMode=sharp2&cache=on,on&bgc=F0F0F0&wid=512&hei=640&size=472,600
underarmor,womens,running,https://underarmour.scene7.com/is/image/Underarmour/3024026-400_DEFAULT?rp=standard-30pad|gridTileDesktop&scl=1&fmt=jpg&qlt=50&resMode=sharp2&cache=on,on&bgc=F0F0F0&wid=512&hei=640&size=472,600
underarmor,womens,running,https://underarmour.scene7.com/is/image/Underarmour/3024026-400_A?rp=standard-30pad|gridTileDesktop&scl=1&fmt=jpg&qlt=50&resMode=sharp2&cache=on,on&bgc=F0F0F0&wid=512&hei=640&size=472,600
underarmor,womens,running,https://underarmour.scene7.com/is/image/Underarmour/3023620-102_DEFAULT?rp=standard-30pad|gridTileDesktop&scl=1&fmt=jpg&qlt=50&resMode=sharp2&cache=on,on&bgc=F0F0F0&wid=512&hei=640&size=472,600
underarmor,womens,running,https://underarmour.scene7.com/is/image/Underarmour/3023620-102_A?rp=standard-30pad|gridTileDesktop&scl=1&fmt=jpg&qlt=50&resMode=sharp2&cache=on,on&bgc=F0F0F0&wid=512&hei=640&size=472,600
underarmor,womens,running,https://underarmour.scene7.com/is/image/Underarmour/3023434-102_DEFAULT?rp=standard-30pad|gridTileDesktop&scl=1&fmt=jpg&qlt=50&resMode=sharp2&cache=on,on&bgc=F0F0F0&wid=512&hei=640&size=472,600
underarmor,womens,running,https://underarmour.scene7.com/is/image/Underarmour/3023434-102_A?rp=standard-30pad|gridTileDesktop&scl=1&fmt=jpg&qlt=50&resMode=sharp2&cache=on,on&bgc=F0F0F0&wid=512&hei=640&size=472,600
underarmor,womens,running,https://underarmour.scene7.com/is/image/Underarmour/3023022-002_DEFAULT?rp=standard-30pad|gridTileDesktop&scl=1&fmt=jpg&qlt=50&resMode=sharp2&cache=on,on&bgc=F0F0F0&wid=512&hei=640&size=472,600
underarmor,womens,running,https://underarmour.scene7.com/is/image/Underarmour/3023022-002_A?rp=standard-30pad|gridTileDesktop&scl=1&fmt=jpg&qlt=50&resMode=sharp2&cache=on,on&bgc=F0F0F0&wid=512&hei=640&size=472,600
underarmor,womens,running,https://underarmour.scene7.com/is/image/Underarmour/3023624-501_DEFAULT?rp=standard-30pad|gridTileDesktop&scl=1&fmt=jpg&qlt=50&resMode=sharp2&cache=on,on&bgc=F0F0F0&wid=512&hei=640&size=472,600
underarmor,womens,running,https://underarmour.scene7.com/is/image/Underarmour/3023624-501_A?rp=standard-30pad|gridTileDesktop&scl=1&fmt=jpg&qlt=50&resMode=sharp2&cache=on,on&bgc=F0F0F0&wid=512&hei=640&size=472,600
underarmor,womens,running,https://underarmour.scene7.com/is/image/Underarmour/3022598-402_DEFAULT?rp=standard-30pad|gridTileDesktop&scl=1&fmt=jpg&qlt=50&resMode=sharp2&cache=on,on&bgc=F0F0F0&wid=512&hei=640&size=472,600
underarmor,womens,running,https://underarmour.scene7.com/is/image/Underarmour/3022598-402_A?rp=standard-30pad|gridTileDesktop&scl=1&fmt=jpg&qlt=50&resMode=sharp2&cache=on,on&bgc=F0F0F0&wid=512&hei=640&size=472,600
underarmor,womens,running,https://underarmour.scene7.com/is/image/Underarmour/3021247-105_DEFAULT?rp=standard-30pad|gridTileDesktop&scl=1&fmt=jpg&qlt=50&resMode=sharp2&cache=on,on&bgc=F0F0F0&wid=512&hei=640&size=472,600
underarmor,womens,running,https://underarmour.scene7.com/is/image/Underarmour/3021247-105_A?rp=standard-30pad|gridTileDesktop&scl=1&fmt=jpg&qlt=50&resMode=sharp2&cache=on,on&bgc=F0F0F0&wid=512&hei=640&size=472,600
underarmor,womens,running,https://underarmour.scene7.com/is/image/Underarmour/3023228-600_DEFAULT?rp=standard-30pad|gridTileDesktop&scl=1&fmt=jpg&qlt=50&resMode=sharp2&cache=on,on&bgc=F0F0F0&wid=512&hei=640&size=472,600
underarmor,womens,running,https://underarmour.scene7.com/is/image/Underarmour/3023228-600_A?rp=standard-30pad|gridTileDesktop&scl=1&fmt=jpg&qlt=50&resMode=sharp2&cache=on,on&bgc=F0F0F0&wid=512&hei=640&size=472,600
underarmor,womens,running,https://underarmour.scene7.com/is/image/Underarmour/3023137-400_DEFAULT?rp=standard-30pad|gridTileDesktop&scl=1&fmt=jpg&qlt=50&resMode=sharp2&cache=on,on&bgc=F0F0F0&wid=512&hei=640&size=472,600
underarmor,womens,running,https://underarmour.scene7.com/is/image/Underarmour/3023137-400_A?rp=standard-30pad|gridTileDesktop&scl=1&fmt=jpg&qlt=50&resMode=sharp2&cache=on,on&bgc=F0F0F0&wid=512&hei=640&size=472,600
underarmor,womens,running,https://underarmour.scene7.com/is/image/Underarmour/3022599-500_DEFAULT?rp=standard-30pad|gridTileDesktop&scl=1&fmt=jpg&qlt=50&resMode=sharp2&cache=on,on&bgc=F0F0F0&wid=512&hei=640&size=472,600
underarmor,womens,running,https://underarmour.scene7.com/is/image/Underarmour/3022599-500_A?rp=standard-30pad|gridTileDesktop&scl=1&fmt=jpg&qlt=50&resMode=sharp2&cache=on,on&bgc=F0F0F0&wid=512&hei=640&size=472,600
underarmor,womens,running,https://underarmour.scene7.com/is/image/Underarmour/3023135-300_DEFAULT?rp=standard-30pad|gridTileDesktop&scl=1&fmt=jpg&qlt=50&resMode=sharp2&cache=on,on&bgc=F0F0F0&wid=512&hei=640&size=472,600
underarmor,womens,running,https://underarmour.scene7.com/is/image/Underarmour/3023135-300_A?rp=standard-30pad|gridTileDesktop&scl=1&fmt=jpg&qlt=50&resMode=sharp2&cache=on,on&bgc=F0F0F0&wid=512&hei=640&size=472,600
underarmor,womens,running,https://underarmour.scene7.com/is/image/Underarmour/3022602-002_DEFAULT?rp=standard-30pad|gridTileDesktop&scl=1&fmt=jpg&qlt=50&resMode=sharp2&cache=on,on&bgc=F0F0F0&wid=512&hei=640&size=472,600
underarmor,womens,running,https://underarmour.scene7.com/is/image/Underarmour/3022602-002_A?rp=standard-30pad|gridTileDesktop&scl=1&fmt=jpg&qlt=50&resMode=sharp2&cache=on,on&bgc=F0F0F0&wid=512&hei=640&size=472,600
underarmor,womens,running,https://underarmour.scene7.com/is/image/Underarmour/3022605-001_DEFAULT?rp=standard-30pad|gridTileDesktop&scl=1&fmt=jpg&qlt=50&resMode=sharp2&cache=on,on&bgc=F0F0F0&wid=512&hei=640&size=472,600
underarmor,womens,running,https://underarmour.scene7.com/is/image/Underarmour/3022605-001_A?rp=standard-30pad|gridTileDesktop&scl=1&fmt=jpg&qlt=50&resMode=sharp2&cache=on,on&bgc=F0F0F0&wid=512&hei=640&size=472,600
underarmor,womens,running,https://underarmour.scene7.com/is/image/Underarmour/3023893-100_DEFAULT?rp=standard-30pad|gridTileDesktop&scl=1&fmt=jpg&qlt=50&resMode=sharp2&cache=on,on&bgc=F0F0F0&wid=512&hei=640&size=472,600
underarmor,womens,running,https://underarmour.scene7.com/is/image/Underarmour/3023893-100_A?rp=standard-30pad|gridTileDesktop&scl=1&fmt=jpg&qlt=50&resMode=sharp2&cache=on,on&bgc=F0F0F0&wid=512&hei=640&size=472,600
underarmor,womens,running,https://underarmour.scene7.com/is/image/Underarmour/3023902-400_DEFAULT?rp=standard-30pad|gridTileDesktop&scl=1&fmt=jpg&qlt=50&resMode=sharp2&cache=on,on&bgc=F0F0F0&wid=512&hei=640&size=472,600
underarmor,womens,running,https://underarmour.scene7.com/is/image/Underarmour/3023902-400_A?rp=standard-30pad|gridTileDesktop&scl=1&fmt=jpg&qlt=50&resMode=sharp2&cache=on,on&bgc=F0F0F0&wid=512&hei=640&size=472,600
underarmor,womens,running,https://underarmour.scene7.com/is/image/Underarmour/3023891-401_DEFAULT?rp=standard-30pad|gridTileDesktop&scl=1&fmt=jpg&qlt=50&resMode=sharp2&cache=on,on&bgc=F0F0F0&wid=512&hei=640&size=472,600
underarmor,womens,running,https://underarmour.scene7.com/is/image/Underarmour/3023891-401_A?rp=standard-30pad|gridTileDesktop&scl=1&fmt=jpg&qlt=50&resMode=sharp2&cache=on,on&bgc=F0F0F0&wid=512&hei=640&size=472,600
underarmor,womens,running,https://underarmour.scene7.com/is/image/Underarmour/3023023-001_DEFAULT?rp=standard-30pad|gridTileDesktop&scl=1&fmt=jpg&qlt=50&resMode=sharp2&cache=on,on&bgc=F0F0F0&wid=512&hei=640&size=472,600
underarmor,womens,running,https://underarmour.scene7.com/is/image/Underarmour/3023023-001_A?rp=standard-30pad|gridTileDesktop&scl=1&fmt=jpg&qlt=50&resMode=sharp2&cache=on,on&bgc=F0F0F0&wid=512&hei=640&size=472,600
underarmor,womens,running,https://underarmour.scene7.com/is/image/Underarmour/3021968-001_DEFAULT?rp=standard-30pad|gridTileDesktop&scl=1&fmt=jpg&qlt=50&resMode=sharp2&cache=on,on&bgc=F0F0F0&wid=512&hei=640&size=472,600
underarmor,womens,running,https://underarmour.scene7.com/is/image/Underarmour/3021968-001_A?rp=standard-30pad|gridTileDesktop&scl=1&fmt=jpg&qlt=50&resMode=sharp2&cache=on,on&bgc=F0F0F0&wid=512&hei=640&size=472,600
underarmor,womens,running,https://underarmour.scene7.com/is/image/Underarmour/3021964-001_DEFAULT?rp=standard-30pad|gridTileDesktop&scl=1&fmt=jpg&qlt=50&resMode=sharp2&cache=on,on&bgc=F0F0F0&wid=512&hei=640&size=472,600
underarmor,womens,running,https://underarmour.scene7.com/is/image/Underarmour/3021964-001_A?rp=standard-30pad|gridTileDesktop&scl=1&fmt=jpg&qlt=50&resMode=sharp2&cache=on,on&bgc=F0F0F0&wid=512&hei=640&size=472,600
underarmor,womens,basketball,https://underarmour.scene7.com/is/image/Underarmour/3024398-104_DEFAULT?rp=standard-30pad|gridTileDesktop&scl=1&fmt=jpg&qlt=50&resMode=sharp2&cache=on,on&bgc=F0F0F0&wid=512&hei=640&size=472,600
underarmor,womens,basketball,https://underarmour.scene7.com/is/image/Underarmour/3024398-104_A?rp=standard-30pad|gridTileDesktop&scl=1&fmt=jpg&qlt=50&resMode=sharp2&cache=on,on&bgc=F0F0F0&wid=512&hei=640&size=472,600
underarmor,womens,basketball,https://underarmour.scene7.com/is/image/Underarmour/3023349-602_DEFAULT?rp=standard-30pad|gridTileDesktop&scl=1&fmt=jpg&qlt=50&resMode=sharp2&cache=on,on&bgc=F0F0F0&wid=512&hei=640&size=472,600
underarmor,womens,basketball,https://underarmour.scene7.com/is/image/Underarmour/3023349-602_A?rp=standard-30pad|gridTileDesktop&scl=1&fmt=jpg&qlt=50&resMode=sharp2&cache=on,on&bgc=F0F0F0&wid=512&hei=640&size=472,600
underarmor,womens,basketball,https://underarmour.scene7.com/is/image/Underarmour/3022939-100_DEFAULT?rp=standard-30pad|gridTileDesktop&scl=1&fmt=jpg&qlt=50&resMode=sharp2&cache=on,on&bgc=F0F0F0&wid=512&hei=640&size=472,600
underarmor,womens,basketball,https://underarmour.scene7.com/is/image/Underarmour/3022939-100_A?rp=standard-30pad|gridTileDesktop&scl=1&fmt=jpg&qlt=50&resMode=sharp2&cache=on,on&bgc=F0F0F0&wid=512&hei=640&size=472,600
underarmor,womens,golf,https://underarmour.scene7.com/is/image/Underarmour/3022767-101_DEFAULT?rp=standard-30pad|gridTileDesktop&scl=1&fmt=jpg&qlt=50&resMode=sharp2&cache=on,on&bgc=F0F0F0&wid=512&hei=640&size=472,600
underarmor,womens,golf,https://underarmour.scene7.com/is/image/Underarmour/3022767-101_A?rp=standard-30pad|gridTileDesktop&scl=1&fmt=jpg&qlt=50&resMode=sharp2&cache=on,on&bgc=F0F0F0&wid=512&hei=640&size=472,600
underarmor,womens,golf,https://underarmour.scene7.com/is/image/Underarmour/3022765-100_DEFAULT?rp=standard-30pad|gridTileDesktop&scl=1&fmt=jpg&qlt=50&resMode=sharp2&cache=on,on&bgc=F0F0F0&wid=512&hei=640&size=472,600
underarmor,womens,golf,https://underarmour.scene7.com/is/image/Underarmour/3022765-100_A?rp=standard-30pad|gridTileDesktop&scl=1&fmt=jpg&qlt=50&resMode=sharp2&cache=on,on&bgc=F0F0F0&wid=512&hei=640&size=472,600
underarmor,womens,soccer,https://underarmour.scene7.com/is/image/Underarmour/1368010-002_SLF_SL?rp=standard-0pad|gridTileDesktop&scl=1&fmt=jpg&qlt=50&resMode=sharp2&cache=on,on&bgc=F0F0F0&wid=512&hei=640&size=512,640
underarmor,womens,soccer,https://underarmour.scene7.com/is/image/Underarmour/1368010-002_SLB_SL?rp=standard-0pad|gridTileDesktop&scl=1&fmt=jpg&qlt=50&resMode=sharp2&cache=on,on&bgc=F0F0F0&wid=512&hei=640&size=512,640
underarmor,womens,soccer,https://underarmour.scene7.com/is/image/Underarmour/V5-1300124-410_FC_Main?rp=standard-0pad|gridTileDesktop&scl=1&fmt=jpg&qlt=50&resMode=sharp2&cache=on,on&bgc=F0F0F0&wid=512&hei=640&size=512,640
underarmor,womens,soccer,https://underarmour.scene7.com/is/image/Underarmour/V5-1300124-410_BC?rp=standard-0pad|gridTileDesktop&scl=1&fmt=jpg&qlt=50&resMode=sharp2&cache=on,on&bgc=F0F0F0&wid=512&hei=640&size=512,640
underarmor,womens,soccer,https://underarmour.scene7.com/is/image/Underarmour/V5-1326413-311_FC_Main?rp=standard-0pad|gridTileDesktop&scl=1&fmt=jpg&qlt=50&resMode=sharp2&cache=on,on&bgc=F0F0F0&wid=512&hei=640&size=512,640
underarmor,womens,soccer,https://underarmour.scene7.com/is/image/Underarmour/V5-1326413-311_BC?rp=standard-0pad|gridTileDesktop&scl=1&fmt=jpg&qlt=50&resMode=sharp2&cache=on,on&bgc=F0F0F0&wid=512&hei=640&size=512,640
underarmor,womens,soccer,https://underarmour.scene7.com/is/image/Underarmour/V5-1357092-200_FC?rp=standard-0pad|gridTileDesktop&scl=1&fmt=jpg&qlt=50&resMode=sharp2&cache=on,on&bgc=F0F0F0&wid=512&hei=640&size=512,640
underarmor,womens,soccer,https://underarmour.scene7.com/is/image/Underarmour/V5-1357092-200_BC?rp=standard-0pad|gridTileDesktop&scl=1&fmt=jpg&qlt=50&resMode=sharp2&cache=on,on&bgc=F0F0F0&wid=512&hei=640&size=512,640
underarmor,womens,soccer,https://underarmour.scene7.com/is/image/Underarmour/V5-1317455-411_SC_Main?rp=standard-0pad|gridTileDesktop&scl=1&fmt=jpg&qlt=50&resMode=sharp2&cache=on,on&bgc=F0F0F0&wid=512&hei=640&size=512,640
underarmor,womens,soccer,https://underarmour.scene7.com/is/image/Underarmour/V5-1317455-411_FC?rp=standard-0pad|gridTileDesktop&scl=1&fmt=jpg&qlt=50&resMode=sharp2&cache=on,on&bgc=F0F0F0&wid=512&hei=640&size=512,640
underarmor,womens,soccer,https://underarmour.scene7.com/is/image/Underarmour/V5-1300123-001_FC_Main?rp=standard-0pad|gridTileDesktop&scl=1&fmt=jpg&qlt=50&resMode=sharp2&cache=on,on&bgc=F0F0F0&wid=512&hei=640&size=512,640
underarmor,womens,soccer,https://underarmour.scene7.com/is/image/Underarmour/V5-1300123-001_BC?rp=standard-0pad|gridTileDesktop&scl=1&fmt=jpg&qlt=50&resMode=sharp2&cache=on,on&bgc=F0F0F0&wid=512&hei=640&size=512,640
underarmor,womens,soccer,https://underarmour.scene7.com/is/image/Underarmour/V5-1357121-012_FC?rp=standard-0pad|gridTileDesktop&scl=1&fmt=jpg&qlt=50&resMode=sharp2&cache=on,on&bgc=F0F0F0&wid=512&hei=640&size=512,640
underarmor,womens,soccer,https://underarmour.scene7.com/is/image/Underarmour/V5-1357121-012_BC?rp=standard-0pad|gridTileDesktop&scl=1&fmt=jpg&qlt=50&resMode=sharp2&cache=on,on&bgc=F0F0F0&wid=512&hei=640&size=512,640
underarmor,womens,soccer,https://underarmour.scene7.com/is/image/Underarmour/PS1357577-013_HF?rp=standard-0pad|gridTileDesktop&scl=1&fmt=jpg&qlt=50&resMode=sharp2&cache=on,on&bgc=F0F0F0&wid=512&hei=640&size=512,640
underarmor,womens,soccer,https://underarmour.scene7.com/is/image/Underarmour/PS1357577-013_HB?rp=standard-0pad|gridTileDesktop&scl=1&fmt=jpg&qlt=50&resMode=sharp2&cache=on,on&bgc=F0F0F0&wid=512&hei=640&size=512,640
underarmor,womens,soccer,https://underarmour.scene7.com/is/image/Underarmour/V5-1357093-200_FC?rp=standard-0pad|gridTileDesktop&scl=1&fmt=jpg&qlt=50&resMode=sharp2&cache=on,on&bgc=F0F0F0&wid=512&hei=640&size=512,640
underarmor,womens,soccer,https://underarmour.scene7.com/is/image/Underarmour/V5-1357093-200_BC?rp=standard-0pad|gridTileDesktop&scl=1&fmt=jpg&qlt=50&resMode=sharp2&cache=on,on&bgc=F0F0F0&wid=512&hei=640&size=512,640
underarmor,womens,soccer,https://underarmour.scene7.com/is/image/Underarmour/V5-1306443-001_FC_Main?rp=standard-0pad|gridTileDesktop&scl=1&fmt=jpg&qlt=50&resMode=sharp2&cache=on,on&bgc=F0F0F0&wid=512&hei=640&size=512,640
underarmor,womens,soccer,https://underarmour.scene7.com/is/image/Underarmour/V5-1306443-001_BC?rp=standard-0pad|gridTileDesktop&scl=1&fmt=jpg&qlt=50&resMode=sharp2&cache=on,on&bgc=F0F0F0&wid=512&hei=640&size=512,640
underarmor,womens,soccer,https://underarmour.scene7.com/is/image/Underarmour/V5-1359971-408_FC?rp=standard-0pad|gridTileDesktop&scl=1&fmt=jpg&qlt=50&resMode=sharp2&cache=on,on&bgc=F0F0F0&wid=512&hei=640&size=512,640
underarmor,womens,soccer,https://underarmour.scene7.com/is/image/Underarmour/V5-1359971-408_BC?rp=standard-0pad|gridTileDesktop&scl=1&fmt=jpg&qlt=50&resMode=sharp2&cache=on,on&bgc=F0F0F0&wid=512&hei=640&size=512,640
underarmor,womens,soccer,https://underarmour.scene7.com/is/image/Underarmour/V5-1290140-001_FC_Main?rp=standard-0pad|gridTileDesktop&scl=1&fmt=jpg&qlt=50&resMode=sharp2&cache=on,on&bgc=F0F0F0&wid=512&hei=640&size=512,640
underarmor,womens,soccer,https://underarmour.scene7.com/is/image/Underarmour/V5-1290140-001_BC?rp=standard-0pad|gridTileDesktop&scl=1&fmt=jpg&qlt=50&resMode=sharp2&cache=on,on&bgc=F0F0F0&wid=512&hei=640&size=512,640
underarmor,womens,soccer,https://underarmour.scene7.com/is/image/Underarmour/V5-1328495-001_FC_Main?rp=standard-0pad|gridTileDesktop&scl=1&fmt=jpg&qlt=50&resMode=sharp2&cache=on,on&bgc=F0F0F0&wid=512&hei=640&size=512,640
underarmor,womens,soccer,https://underarmour.scene7.com/is/image/Underarmour/V5-1328495-001_BC?rp=standard-0pad|gridTileDesktop&scl=1&fmt=jpg&qlt=50&resMode=sharp2&cache=on,on&bgc=F0F0F0&wid=512&hei=640&size=512,640
underarmor,womens,soccer,https://underarmour.scene7.com/is/image/Underarmour/V5-1357145-001_FC_Main?rp=standard-0pad|gridTileDesktop&scl=1&fmt=jpg&qlt=50&resMode=sharp2&cache=on,on&bgc=F0F0F0&wid=512&hei=640&size=512,640
underarmor,womens,soccer,https://underarmour.scene7.com/is/image/Underarmour/V5-1357145-001_BC?rp=standard-0pad|gridTileDesktop&scl=1&fmt=jpg&qlt=50&resMode=sharp2&cache=on,on&bgc=F0F0F0&wid=512&hei=640&size=512,640
underarmor,womens,soccer,https://underarmour.scene7.com/is/image/Underarmour/PS1357624-001_HF?rp=standard-0pad|gridTileDesktop&scl=1&fmt=jpg&qlt=50&resMode=sharp2&cache=on,on&bgc=F0F0F0&wid=512&hei=640&size=512,640
underarmor,womens,soccer,https://underarmour.scene7.com/is/image/Underarmour/PS1357624-001_HB?rp=standard-0pad|gridTileDesktop&scl=1&fmt=jpg&qlt=50&resMode=sharp2&cache=on,on&bgc=F0F0F0&wid=512&hei=640&size=512,640
underarmor,womens,soccer,https://underarmour.scene7.com/is/image/Underarmour/V5-1300261-025_FC_Main?rp=standard-0pad|gridTileDesktop&scl=1&fmt=jpg&qlt=50&resMode=sharp2&cache=on,on&bgc=F0F0F0&wid=512&hei=640&size=512,640
underarmor,womens,soccer,https://underarmour.scene7.com/is/image/Underarmour/V5-1300261-025_BC?rp=standard-0pad|gridTileDesktop&scl=1&fmt=jpg&qlt=50&resMode=sharp2&cache=on,on&bgc=F0F0F0&wid=512&hei=640&size=512,640
underarmor,womens,soccer,https://underarmour.scene7.com/is/image/Underarmour/V5-1357128-001_FC?rp=standard-0pad|gridTileDesktop&scl=1&fmt=jpg&qlt=50&resMode=sharp2&cache=on,on&bgc=F0F0F0&wid=512&hei=640&size=512,640
underarmor,womens,soccer,https://underarmour.scene7.com/is/image/Underarmour/V5-1357128-001_BC?rp=standard-0pad|gridTileDesktop&scl=1&fmt=jpg&qlt=50&resMode=sharp2&cache=on,on&bgc=F0F0F0&wid=512&hei=640&size=512,640
underarmor,womens,soccer,https://underarmour.scene7.com/is/image/Underarmour/V5-1357129-011_FC_Main?rp=standard-0pad|gridTileDesktop&scl=1&fmt=jpg&qlt=50&resMode=sharp2&cache=on,on&bgc=F0F0F0&wid=512&hei=640&size=512,640
underarmor,womens,soccer,https://underarmour.scene7.com/is/image/Underarmour/V5-1357129-011_BC?rp=standard-0pad|gridTileDesktop&scl=1&fmt=jpg&qlt=50&resMode=sharp2&cache=on,on&bgc=F0F0F0&wid=512&hei=640&size=512,640
underarmor,womens,soccer,https://underarmour.scene7.com/is/image/Underarmour/V5-1310071-600_FC_Main?rp=standard-0pad|gridTileDesktop&scl=1&fmt=jpg&qlt=50&resMode=sharp2&cache=on,on&bgc=F0F0F0&wid=512&hei=640&size=512,640
underarmor,womens,soccer,https://underarmour.scene7.com/is/image/Underarmour/V5-1310071-600_BC?rp=standard-0pad|gridTileDesktop&scl=1&fmt=jpg&qlt=50&resMode=sharp2&cache=on,on&bgc=F0F0F0&wid=512&hei=640&size=512,640
underarmor,womens,soccer,https://underarmour.scene7.com/is/image/Underarmour/V5-1352031-001_FSF_Main?rp=standard-0pad|gridTileDesktop&scl=1&fmt=jpg&qlt=50&resMode=sharp2&cache=on,on&bgc=F0F0F0&wid=512&hei=640&size=512,640
underarmor,womens,soccer,https://underarmour.scene7.com/is/image/Underarmour/V5-1352031-001_FC?rp=standard-0pad|gridTileDesktop&scl=1&fmt=jpg&qlt=50&resMode=sharp2&cache=on,on&bgc=F0F0F0&wid=512&hei=640&size=512,640
underarmor,womens,soccer,https://underarmour.scene7.com/is/image/Underarmour/V5-1352678-035_BC_Main?rp=standard-0pad|gridTileDesktop&scl=1&fmt=jpg&qlt=50&resMode=sharp2&cache=on,on&bgc=F0F0F0&wid=512&hei=640&size=512,640
underarmor,womens,soccer,https://underarmour.scene7.com/is/image/Underarmour/V5-1352678-035_FC?rp=standard-0pad|gridTileDesktop&scl=1&fmt=jpg&qlt=50&resMode=sharp2&cache=on,on&bgc=F0F0F0&wid=512&hei=640&size=512,640
underarmor,womens,soccer,https://underarmour.scene7.com/is/image/Underarmour/V5-1357085-200_FC?rp=standard-0pad|gridTileDesktop&scl=1&fmt=jpg&qlt=50&resMode=sharp2&cache=on,on&bgc=F0F0F0&wid=512&hei=640&size=512,640
underarmor,womens,soccer,https://underarmour.scene7.com/is/image/Underarmour/V5-1357085-200_BC?rp=standard-0pad|gridTileDesktop&scl=1&fmt=jpg&qlt=50&resMode=sharp2&cache=on,on&bgc=F0F0F0&wid=512&hei=640&size=512,640
underarmor,womens,soccer,https://underarmour.scene7.com/is/image/Underarmour/V5-1332663-015_FC_Main?rp=standard-0pad|gridTileDesktop&scl=1&fmt=jpg&qlt=50&resMode=sharp2&cache=on,on&bgc=F0F0F0&wid=512&hei=640&size=512,640
underarmor,womens,soccer,https://underarmour.scene7.com/is/image/Underarmour/V5-1332663-015_BC?rp=standard-0pad|gridTileDesktop&scl=1&fmt=jpg&qlt=50&resMode=sharp2&cache=on,on&bgc=F0F0F0&wid=512&hei=640&size=512,640
underarmor,womens,soccer,https://underarmour.scene7.com/is/image/Underarmour/V5-1250277-001_FC_Main?rp=standard-0pad|gridTileDesktop&scl=1&fmt=jpg&qlt=50&resMode=sharp2&cache=on,on&bgc=F0F0F0&wid=512&hei=640&size=512,640
underarmor,womens,soccer,https://underarmour.scene7.com/is/image/Underarmour/V5-1250277-001_BC?rp=standard-0pad|gridTileDesktop&scl=1&fmt=jpg&qlt=50&resMode=sharp2&cache=on,on&bgc=F0F0F0&wid=512&hei=640&size=512,640
underarmor,womens,soccer,https://underarmour.scene7.com/is/image/Underarmour/V5-1320812-001_FC_Main?rp=standard-0pad|gridTileDesktop&scl=1&fmt=jpg&qlt=50&resMode=sharp2&cache=on,on&bgc=F0F0F0&wid=512&hei=640&size=512,640
underarmor,womens,soccer,https://underarmour.scene7.com/is/image/Underarmour/V5-1320812-001_BC?rp=standard-0pad|gridTileDesktop&scl=1&fmt=jpg&qlt=50&resMode=sharp2&cache=on,on&bgc=F0F0F0&wid=512&hei=640&size=512,640
underarmor,womens,soccer,https://underarmour.scene7.com/is/image/Underarmour/V5-1363619-001_FC?rp=standard-0pad|gridTileDesktop&scl=1&fmt=jpg&qlt=50&resMode=sharp2&cache=on,on&bgc=F0F0F0&wid=512&hei=640&size=512,640
underarmor,womens,soccer,https://underarmour.scene7.com/is/image/Underarmour/V5-1363619-001_BC?rp=standard-0pad|gridTileDesktop&scl=1&fmt=jpg&qlt=50&resMode=sharp2&cache=on,on&bgc=F0F0F0&wid=512&hei=640&size=512,640
underarmor,womens,soccer,https://underarmour.scene7.com/is/image/Underarmour/V5-1300267-001_FC_Main?rp=standard-0pad|gridTileDesktop&scl=1&fmt=jpg&qlt=50&resMode=sharp2&cache=on,on&bgc=F0F0F0&wid=512&hei=640&size=512,640
underarmor,womens,soccer,https://underarmour.scene7.com/is/image/Underarmour/V5-1300267-001_BC?rp=standard-0pad|gridTileDesktop&scl=1&fmt=jpg&qlt=50&resMode=sharp2&cache=on,on&bgc=F0F0F0&wid=512&hei=640&size=512,640
underarmor,womens,soccer,https://underarmour.scene7.com/is/image/Underarmour/1346786-035_ASST?rp=standard-10pad|gridTileDesktop&scl=1&fmt=jpg&qlt=50&resMode=sharp2&cache=on,on&bgc=F0F0F0&wid=512&hei=640&size=512,600
underarmor,womens,soccer,https://underarmour.scene7.com/is/image/Underarmour/1346786-035_ASSTF?rp=standard-10pad|gridTileDesktop&scl=1&fmt=jpg&qlt=50&resMode=sharp2&cache=on,on&bgc=F0F0F0&wid=512&hei=640&size=512,600
underarmor,womens,soccer,https://underarmour.scene7.com/is/image/Underarmour/V5-1357087-400_FC?rp=standard-0pad|gridTileDesktop&scl=1&fmt=jpg&qlt=50&resMode=sharp2&cache=on,on&bgc=F0F0F0&wid=512&hei=640&size=512,640
underarmor,womens,soccer,https://underarmour.scene7.com/is/image/Underarmour/V5-1357087-400_BC?rp=standard-0pad|gridTileDesktop&scl=1&fmt=jpg&qlt=50&resMode=sharp2&cache=on,on&bgc=F0F0F0&wid=512&hei=640&size=512,640
underarmor,womens,softball,https://underarmour.scene7.com/is/image/Underarmour/3022074-001_DEFAULT?rp=standard-30pad|gridTileDesktop&scl=1&fmt=jpg&qlt=50&resMode=sharp2&cache=on,on&bgc=F0F0F0&wid=512&hei=640&size=472,600
underarmor,womens,softball,https://underarmour.scene7.com/is/image/Underarmour/3022074-001_A?rp=standard-30pad|gridTileDesktop&scl=1&fmt=jpg&qlt=50&resMode=sharp2&cache=on,on&bgc=F0F0F0&wid=512&hei=640&size=472,600
underarmor,womens,softball,https://underarmour.scene7.com/is/image/Underarmour/3022076-001_DEFAULT?rp=standard-30pad|gridTileDesktop&scl=1&fmt=jpg&qlt=50&resMode=sharp2&cache=on,on&bgc=F0F0F0&wid=512&hei=640&size=472,600
underarmor,womens,softball,https://underarmour.scene7.com/is/image/Underarmour/3022076-001_A?rp=standard-30pad|gridTileDesktop&scl=1&fmt=jpg&qlt=50&resMode=sharp2&cache=on,on&bgc=F0F0F0&wid=512&hei=640&size=472,600
underarmor,womens,softball,https://underarmour.scene7.com/is/image/Underarmour/3022075-001_DEFAULT?rp=standard-30pad|gridTileDesktop&scl=1&fmt=jpg&qlt=50&resMode=sharp2&cache=on,on&bgc=F0F0F0&wid=512&hei=640&size=472,600
underarmor,womens,softball,https://underarmour.scene7.com/is/image/Underarmour/3022075-001_A?rp=standard-30pad|gridTileDesktop&scl=1&fmt=jpg&qlt=50&resMode=sharp2&cache=on,on&bgc=F0F0F0&wid=512&hei=640&size=472,600
underarmor,womens,lacrosse,https://underarmour.scene7.com/is/image/Underarmour/3022078-100_DEFAULT?rp=standard-30pad|gridTileDesktop&scl=1&fmt=jpg&qlt=50&resMode=sharp2&cache=on,on&bgc=F0F0F0&wid=512&hei=640&size=472,600
underarmor,womens,lacrosse,https://underarmour.scene7.com/is/image/Underarmour/3022078-100_A?rp=standard-30pad|gridTileDesktop&scl=1&fmt=jpg&qlt=50&resMode=sharp2&cache=on,on&bgc=F0F0F0&wid=512&hei=640&size=472,600
underarmor,womens,lacrosse,https://underarmour.scene7.com/is/image/Underarmour/3022207-101_DEFAULT?rp=standard-30pad|gridTileDesktop&scl=1&fmt=jpg&qlt=50&resMode=sharp2&cache=on,on&bgc=F0F0F0&wid=512&hei=640&size=472,600
underarmor,womens,lacrosse,https://underarmour.scene7.com/is/image/Underarmour/3022207-101_A?rp=standard-30pad|gridTileDesktop&scl=1&fmt=jpg&qlt=50&resMode=sharp2&cache=on,on&bgc=F0F0F0&wid=512&hei=640&size=472,600
underarmor,womens,lacrosse,https://underarmour.scene7.com/is/image/Underarmour/3022079-100_DEFAULT?rp=standard-30pad|gridTileDesktop&scl=1&fmt=jpg&qlt=50&resMode=sharp2&cache=on,on&bgc=F0F0F0&wid=512&hei=640&size=472,600
underarmor,womens,lacrosse,https://underarmour.scene7.com/is/image/Underarmour/3022079-100_A?rp=standard-30pad|gridTileDesktop&scl=1&fmt=jpg&qlt=50&resMode=sharp2&cache=on,on&bgc=F0F0F0&wid=512&hei=640&size=472,600
underarmor,womens,volleyball,https://underarmour.scene7.com/is/image/Underarmour/3021376-001_DEFAULT?rp=standard-30pad|gridTileDesktop&scl=1&fmt=jpg&qlt=50&resMode=sharp2&cache=on,on&bgc=F0F0F0&wid=512&hei=640&size=472,600
underarmor,womens,volleyball,https://underarmour.scene7.com/is/image/Underarmour/3021376-001_A?rp=standard-30pad|gridTileDesktop&scl=1&fmt=jpg&qlt=50&resMode=sharp2&cache=on,on&bgc=F0F0F0&wid=512&hei=640&size=472,600
underarmor,womens,volleyball,https://underarmour.scene7.com/is/image/Underarmour/3021377-001_DEFAULT?rp=standard-30pad|gridTileDesktop&scl=1&fmt=jpg&qlt=50&resMode=sharp2&cache=on,on&bgc=F0F0F0&wid=512&hei=640&size=472,600
underarmor,womens,volleyball,https://underarmour.scene7.com/is/image/Underarmour/3021377-001_A?rp=standard-30pad|gridTileDesktop&scl=1&fmt=jpg&qlt=50&resMode=sharp2&cache=on,on&bgc=F0F0F0&wid=512&hei=640&size=472,600
