adidas,mens,lifestyle,/glass/react/2f4232c/assets/img/icon-crosslink-logo-reebok.svg
adidas,mens,lifestyle,https://www.adidas.com/on/demandware.static/-/Sites-adidas-US-Library/en_US/dw2c47bfbe/_other/_navigation/BlackFriday-TopNav.gif
adidas,mens,lifestyle,https://www.adidas.com/on/demandware.static/-/Sites-adidas-US-Library/en_US/dwfc1eba01/_other/_navigation/whats-new-nav-d-small.jpg
adidas,mens,lifestyle,https://www.adidas.com/on/demandware.static/-/Sites-adidas-US-Library/en_US/dw57673512/_other/_navigation/collaborators-nav-d-small.jpg
adidas,mens,lifestyle,https://www.adidas.com/on/demandware.static/-/Sites-adidas-US-Library/en_US/dw674d6446/_other/_navigation/ourworld-nav-d-small.jpg
adidas,mens,lifestyle,https://www.adidas.com/on/demandware.static/-/Sites-adidas-US-Library/en_US/dw933b4726/_other/_navigation/sport-nav-d-small.jpg
adidas,mens,lifestyle,https://www.adidas.com/on/demandware.static/-/Sites-adidas-US-Library/en_US/dw0fc312ba/_other/_navigation/zx-launch-brandcard.jpg
adidas,mens,lifestyle,https://www.adidas.com/on/demandware.static/-/Sites-adidas-US-Library/en_US/dwc2496f46/_other/_navigation/sports-nav-d-small.jpg
adidas,mens,lifestyle,https://assets.adidas.com/images/w_385,h_385,f_auto,q_auto:sensitive,fl_lossy/25c70a990dd74210aa47a59900ebfe5d_9366/stan-smith-shoes.jpg
adidas,mens,lifestyle,https://assets.adidas.com/images/w_385,h_385,f_auto,q_auto:sensitive,fl_lossy/801e88f5897a411a9e77a8ba0101c79a_9366/nmd_r1-shoes.jpg
adidas,mens,lifestyle,https://assets.adidas.com/images/w_385,h_385,f_auto,q_auto:sensitive,fl_lossy/2873e282b5d9406aa3d0ab8001170a2f_9366/day-jogger-shoes.jpg
adidas,mens,lifestyle,https://assets.adidas.com/images/w_385,h_385,f_auto,q_auto:sensitive,fl_lossy/428d8acb35924a65a682ab9e012ef700_9366/ozweego-shoes.jpg
adidas,mens,lifestyle,data:image/svg+xml;base64,PHN2ZyB3aWR0aD0iMzAwIiBoZWlnaHQ9IjMwMCIgeG1sbnM9Imh0dHA6Ly93d3cudzMub3JnLzIwMDAvc3ZnIj48cGF0aCBkPSJNMCAwaDMwMHYzMDBIMHoiIGZpbGw9IiNFQ0VERUYiLz48L3N2Zz4=
adidas,mens,lifestyle,https://assets.adidas.com/images/w_385,h_385,f_auto,q_auto:sensitive,fl_lossy/8d801690691b4ebbb64caab1012bef7b_9366/rivalry-low-shoes.jpg
adidas,mens,lifestyle,https://assets.adidas.com/images/w_385,h_385,f_auto,q_auto:sensitive,fl_lossy/2ca0089986704cfdad3da59900e50082_9366/busenitz-pro-shoes.jpg
adidas,mens,lifestyle,https://assets.adidas.com/images/w_385,h_385,f_auto,q_auto:sensitive,fl_lossy/d704fc8256204415b713ab6600f76418_9366/zx-2k-4d-shoes.jpg
adidas,mens,lifestyle,https://assets.adidas.com/images/w_385,h_385,f_auto,q_auto:sensitive,fl_lossy/3b6da90d6e7c41fa821ca60600991dd9_9366/gazelle-shoes.jpg
adidas,mens,lifestyle,https://assets.adidas.com/images/w_385,h_385,f_auto,q_auto:sensitive,fl_lossy/c3eb23d1fd5449e0803fabbc00075f2a_9366/x_plr-shoes.jpg
adidas,mens,lifestyle,https://assets.adidas.com/images/w_385,h_385,f_auto,q_auto:sensitive,fl_lossy/3aa4ca9355e841779f10aa630116084b_9366/kaptir-shoes.jpg
adidas,mens,lifestyle,https://assets.adidas.com/images/w_385,h_385,f_auto,q_auto:sensitive,fl_lossy/8d3ab16a86e64571b405aad600bad099_9366/superstar-shoes.jpg
adidas,mens,lifestyle,https://assets.adidas.com/images/w_385,h_385,f_auto,q_auto:sensitive,fl_lossy/3cdb49235c054e389887a91500a0bbe1_9366/continental-80-shoes.jpg
adidas,mens,lifestyle,https://assets.adidas.com/images/w_385,h_385,f_auto,q_auto:sensitive,fl_lossy/9e5161dfa5674cf09590abdb007a745b_9366/nmd_r1-v2-shoes.jpg
adidas,mens,lifestyle,https://assets.adidas.com/images/w_385,h_385,f_auto,q_auto:sensitive,fl_lossy/ed0fdb466add4483ab0eab6f001cd4d1_9366/zx-2k-flux-shoes.jpg
adidas,mens,lifestyle,https://assets.adidas.com/images/w_385,h_385,f_auto,q_auto:sensitive,fl_lossy/85a4e093c7434bf78dd6abab015a58c7_9366/swift-run-x-shoes.jpg
adidas,mens,lifestyle,https://assets.adidas.com/images/w_385,h_385,f_auto,q_auto:sensitive,fl_lossy/c089e9b31e01406bbee5abc9009a421e_9366/zx-2k-boost-shoes.jpg
adidas,mens,lifestyle,https://assets.adidas.com/images/w_385,h_385,f_auto,q_auto:sensitive,fl_lossy/7466e0ef3a1e4e3e8146ab7601209993_9366/nizza-trefoil-shoes.jpg
adidas,mens,lifestyle,https://assets.adidas.com/images/w_385,h_385,f_auto,q_auto:sensitive,fl_lossy/9f0eef9d3e6948d8bd4eabb5017f76e7_9366/nmd_r1-v2-rio-de-janeiro-shoes.jpg
adidas,mens,lifestyle,https://assets.adidas.com/images/w_385,h_385,f_auto,q_auto:sensitive,fl_lossy/3197201f1d6f4237a3d6a9e50143e4c6_9366/continental-vulc-shoes.jpg
adidas,mens,lifestyle,https://assets.adidas.com/images/w_385,h_385,f_auto,q_auto:sensitive,fl_lossy/50b18f7e7eff45c18276abb100b57849_9366/lite-racer-adapt-3.0-shoes.jpg
adidas,mens,lifestyle,https://adl-foundation.adidas.com/prod/v39.0.0/assets/flags/us.svg
adidas,mens,lifestyle,https://www.adidas.com/akam/11/pixel_5405b708?a=dD01NmMyZjE1MjllZTJkNmRkZTY0NGNjNzgzNTZmZjJhMjI5ZWJhYzg0JmpzPW9mZg==
adidas,mens,running,https://assets.adidas.com/images/w_385,h_385,f_auto,q_auto:sensitive,fl_lossy/07e109cb2e5a47e48cf3abe200736720_9366/ultraboost-20-shoes.jpg
adidas,mens,running,https://assets.adidas.com/images/w_385,h_385,f_auto,q_auto:sensitive,fl_lossy/a52d9fea7029401abe95ac0200d33430_9366/ultraboost-dna-shoes.jpg
adidas,mens,running,https://assets.adidas.com/images/w_385,h_385,f_auto,q_auto:sensitive,fl_lossy/b8b409de132a48d4a829ac3f00e48382_9366/ultra4d-shoes.jpg
adidas,mens,running,https://assets.adidas.com/images/w_385,h_385,f_auto,q_auto:sensitive,fl_lossy/7927e6709cfa40368637abe3001db400_9366/ultraboost-winter.rdy-shoes.jpg
adidas,mens,running,https://assets.adidas.com/images/w_385,h_385,f_auto,q_auto:sensitive,fl_lossy/980ba9dede0447a78825ab73013fbbc5_9366/ultraboost-pb-shoes.jpg
adidas,mens,running,https://assets.adidas.com/images/w_385,h_385,f_auto,q_auto:sensitive,fl_lossy/1645204f16594aafb3fcac2f0156d7e9_9366/ultraboost-ltd-shoes.jpg
adidas,mens,running,https://assets.adidas.com/images/w_385,h_385,f_auto,q_auto:sensitive,fl_lossy/f61f63ed27094767977ea5a000b69ea3_9366/ultraboost-shoes.jpg
adidas,mens,running,https://assets.adidas.com/images/w_385,h_385,f_auto,q_auto:sensitive,fl_lossy/f68646b4531849878355ac0200821352_9366/x9000l4-shoes.jpg
adidas,mens,running,https://assets.adidas.com/images/w_385,h_385,f_auto,q_auto:sensitive,fl_lossy/d0c86d8bde234f7ca860ab9600ebbd83_9366/x9000l3-shoes.jpg
adidas,mens,running,https://assets.adidas.com/images/w_385,h_385,f_auto,q_auto:sensitive,fl_lossy/cb81cc3a81384477b3eaab97000d540b_9366/response-super-shoes.jpg
adidas,mens,running,https://assets.adidas.com/images/w_385,h_385,f_auto,q_auto:sensitive,fl_lossy/026e8f9316af4a3da3d3abdd0116fd06_9366/x90004d-shoes.jpg
adidas,mens,running,https://assets.adidas.com/images/w_385,h_385,f_auto,q_auto:sensitive,fl_lossy/2978e6bd48a44be9969dac02014f024e_9366/hoosiers-ultraboost-1.0-dna-shoes.jpg
adidas,mens,running,https://assets.adidas.com/images/w_385,h_385,f_auto,q_auto:sensitive,fl_lossy/0a48aa73c28246ba86d6ab3e00d17140_9366/ultraboost-dna-parley-shoes.jpg
adidas,mens,running,https://assets.adidas.com/images/w_385,h_385,f_auto,q_auto:sensitive,fl_lossy/30bad6edd9c14a10b51eac310125ffbe_9366/alphatorsion-shoes.jpg
adidas,mens,running,https://assets.adidas.com/images/w_385,h_385,f_auto,q_auto:sensitive,fl_lossy/50ba25d7ea8f4452b25aac020152c0e7_9366/cardinals-ultraboost-1.0-dna-shoes.jpg
adidas,mens,running,https://assets.adidas.com/images/w_385,h_385,f_auto,q_auto:sensitive,fl_lossy/99cdf134c6694803943bab65013f6828_9366/adidas-4d-run-1.0-shoes.jpg
adidas,mens,running,https://assets.adidas.com/images/w_385,h_385,f_auto,q_auto:sensitive,fl_lossy/c78b28e3d1804ae4bd1eab270111beb4_9366/primeblue-ultraboost-20-shoes.jpg
adidas,mens,running,https://assets.adidas.com/images/w_385,h_385,f_auto,q_auto:sensitive,fl_lossy/70cb5a6e6ff44217b19baba7001e0ca1_9366/duramo-sl-shoes.jpg
adidas,mens,running,https://assets.adidas.com/images/w_385,h_385,f_auto,q_auto:sensitive,fl_lossy/a3f9c4a0dd30449bb0b0ab4f012f508b_9366/climacool-vento-shoes.jpg
adidas,mens,running,https://assets.adidas.com/images/w_385,h_385,f_auto,q_auto:sensitive,fl_lossy/09a8f825805242ee90abac0201559494_9366/sun-devils-ultraboost-1.0-dna-shoes.jpg
adidas,mens,running,https://assets.adidas.com/images/w_385,h_385,f_auto,q_auto:sensitive,fl_lossy/84a8df268a0f414f800aabec00f5309d_9366/ultraboost-winter.rdy-dna-shoes.jpg
adidas,mens,running,https://assets.adidas.com/images/w_385,h_385,f_auto,q_auto:sensitive,fl_lossy/a2881198886349a2a53cab0a0089c16a_9366/sensebounce--plus-street-shoes.jpg
adidas,mens,running,https://assets.adidas.com/images/w_385,h_385,f_auto,q_auto:sensitive,fl_lossy/f805e010a6054a2d8693ab57011a2fc9_9366/ultraboost-dna-prime-shoes.jpg
adidas,mens,running,https://assets.adidas.com/images/w_385,h_385,f_auto,q_auto:sensitive,fl_lossy/3e7260581e2b400e93dbaa2600f293d4_9366/manchester-united-ultraboost-clima-shoes.jpg
adidas,mens,running,https://assets.adidas.com/images/w_385,h_385,f_auto,q_auto:sensitive,fl_lossy/74abe87e1f7c41928f36abc6011ef803_9366/ultraboost-dna-x-real-madrid-shoes.jpg
adidas,mens,running,https://assets.adidas.com/images/w_385,h_385,f_auto,q_auto:sensitive,fl_lossy/fb240c754f8d403d8ac1ac02014e4add_9366/kansas-jayhawks-ultraboost-1.0-dna-shoes.jpg
adidas,mens,running,https://assets.adidas.com/images/w_385,h_385,f_auto,q_auto:sensitive,fl_lossy/67233fdd87eb40df92daac02015ab3c7_9366/aggies-ultraboost-1.0-dna-shoes.jpg
adidas,mens,basketball,https://assets.adidas.com/images/w_385,h_385,f_auto,q_auto:sensitive,fl_lossy/d15f58a812f24f17a5e6abfd017ee0d3_9366/dame-7-shoes.jpg
adidas,mens,basketball,https://assets.adidas.com/images/w_385,h_385,f_auto,q_auto:sensitive,fl_lossy/d0190c157eed475eabfeabfd015b422b_9366/dame-7-x-ric-flair-shoes.jpg
adidas,mens,basketball,https://assets.adidas.com/images/w_385,h_385,f_auto,q_auto:sensitive,fl_lossy/3459e31f641945bfa1e3ac040155d539_9366/d.o.n.-issue-2-shoes.jpg
adidas,mens,basketball,https://assets.adidas.com/images/w_385,h_385,f_auto,q_auto:sensitive,fl_lossy/ea420c681df248d681e5abda00fa90fd_9366/donovan-mitchell-d.o.n.-issue-2-shoes.jpg
adidas,mens,basketball,https://assets.adidas.com/images/w_385,h_385,f_auto,q_auto:sensitive,fl_lossy/15b1c2371af54d509618abcc0108bb1b_9366/pro-boost-low-shoes.jpg
adidas,mens,basketball,https://assets.adidas.com/images/w_385,h_385,f_auto,q_auto:sensitive,fl_lossy/53411dceaea141a098d1ab2001115b1e_9366/daniel-patrick-x-harden-vol.-4-shoes.jpg
adidas,mens,basketball,https://assets.adidas.com/images/w_385,h_385,f_auto,q_auto:sensitive,fl_lossy/d8f936c9a38c4f2184a2abba00905cd2_9366/donovan-mitchell-d.o.n.-issue-2-crayola-shoes.jpg
adidas,mens,basketball,https://assets.adidas.com/images/w_385,h_385,f_auto,q_auto:sensitive,fl_lossy/24dcb4be0d5645668dcbab530118d015_9366/harden-vol.-4-su-casa-shoes.jpg
adidas,mens,basketball,https://assets.adidas.com/images/w_385,h_385,f_auto,q_auto:sensitive,fl_lossy/858512c517de42c1a349aba4000974f7_9366/n3xt-l3v3l-2020-shoes.jpg
adidas,mens,basketball,https://assets.adidas.com/images/w_385,h_385,f_auto,q_auto:sensitive,fl_lossy/87cf850dd5c64c2b8957aaee01394c14_9366/harden-vol.-4-shoes.jpg
adidas,mens,basketball,https://assets.adidas.com/images/w_385,h_385,f_auto,q_auto:sensitive,fl_lossy/08a042128441464c8baeac0800b22068_9366/d.o.n.-issue-2-marvel-spidey-sense-shoes.jpg
adidas,mens,basketball,https://assets.adidas.com/images/w_385,h_385,f_auto,q_auto:sensitive,fl_lossy/d82c9ddb293a4eb38f1aabfd0161027f_9366/dame-7-i-am-my-own-fan-shoes.jpg
adidas,mens,basketball,https://assets.adidas.com/images/w_385,h_385,f_auto,q_auto:sensitive,fl_lossy/dece819bbdf94c52b29fab5700114acd_9366/harden-stepback-shoes.jpg
adidas,mens,basketball,https://assets.adidas.com/images/w_385,h_385,f_auto,q_auto:sensitive,fl_lossy/741855e818b443d28b51ab76001774c7_9366/dame-6-shoes.jpg
adidas,mens,basketball,https://assets.adidas.com/images/w_385,h_385,f_auto,q_auto:sensitive,fl_lossy/e79467de1ff64c07b5dfab120018c9d6_9366/harden-vol.-4.jpg
adidas,mens,skateboarding,https://assets.adidas.com/images/w_385,h_385,f_auto,q_auto:sensitive,fl_lossy/8f4a617fa6f54f69bd2babab014e3dc1_9366/puig-shoes.jpg
adidas,mens,skateboarding,https://assets.adidas.com/images/w_385,h_385,f_auto,q_auto:sensitive,fl_lossy/e74288e1898b4bba8862ab58012eb018_9366/busenitz-vulc-2.0-shoes.jpg
adidas,mens,skateboarding,https://assets.adidas.com/images/w_385,h_385,f_auto,q_auto:sensitive,fl_lossy/a4daa34dc31f4780814faa9e01011506_9366/busenitz-vulc-ii-shoes.jpg
adidas,mens,skateboarding,https://assets.adidas.com/images/w_385,h_385,f_auto,q_auto:sensitive,fl_lossy/52d9ccf3e4ae402c8190aac000f05b3b_9366/3mc-shoes.jpg
adidas,mens,skateboarding,https://assets.adidas.com/images/w_385,h_385,f_auto,q_auto:sensitive,fl_lossy/835d1e1ba9d144718071ab040181160c_9366/3mc-slip-on-shoes.jpg
adidas,mens,skateboarding,https://assets.adidas.com/images/w_385,h_385,f_auto,q_auto:sensitive,fl_lossy/c7e375a56a8b486da7a0a5b600a704d9_9366/seeley-shoes.jpg
adidas,mens,skateboarding,https://assets.adidas.com/images/w_385,h_385,f_auto,q_auto:sensitive,fl_lossy/cadcea91dbaf454f8d48ab96016b2846_9366/3mc-x-disney-sport-goofy-shoes.jpg
adidas,mens,skateboarding,https://assets.adidas.com/images/w_385,h_385,f_auto,q_auto:sensitive,fl_lossy/e25150d75aa4453b9978ab9601660879_9366/3mc-slip-x-disney-sport-goofy-shoes.jpg
adidas,mens,skateboarding,https://assets.adidas.com/images/w_385,h_385,f_auto,q_auto:sensitive,fl_lossy/306ad52216164c8db935aad000f9be66_9366/coronado-shoes.jpg
adidas,mens,skateboarding,https://assets.adidas.com/images/w_385,h_385,f_auto,q_auto:sensitive,fl_lossy/3f5b062cf3704796afd6a8880140e406_9366/3mc-vulc-shoes.jpg
adidas,mens,skateboarding,https://assets.adidas.com/images/w_385,h_385,f_auto,q_auto:sensitive,fl_lossy/db755ecd5c7c4b6f8c24abab0165d370_9366/copa-nationale-shoes.jpg
adidas,mens,skateboarding,https://assets.adidas.com/images/w_385,h_385,f_auto,q_auto:sensitive,fl_lossy/b68fc5ac969443c390e8aab600ff1203_9366/matchbreak-super-shoes.jpg
adidas,mens,skateboarding,https://assets.adidas.com/images/w_385,h_385,f_auto,q_auto:sensitive,fl_lossy/ab4ee4cdc40547bdb3b6ac3d00ea5b28_9366/3st.004-shoes.jpg
adidas,mens,skateboarding,https://assets.adidas.com/images/w_385,h_385,f_auto,q_auto:sensitive,fl_lossy/99d3c389bee8488095f1ab410153f9f9_9366/coronado-x-unity-shoes.jpg
adidas,mens,skateboarding,https://assets.adidas.com/images/w_385,h_385,f_auto,q_auto:sensitive,fl_lossy/f78ca88ab333461ebff5aa180180db5b_9366/tyshawn-signature-shoes.jpg
adidas,mens,skateboarding,https://assets.adidas.com/images/w_385,h_385,f_auto,q_auto:sensitive,fl_lossy/69aa7903d63e4c1aa233aba60036956f_9366/daily-3.0-shoes.jpg
adidas,mens,skateboarding,https://assets.adidas.com/images/w_385,h_385,f_auto,q_auto:sensitive,fl_lossy/e09aa0eeaa954b71a755ab6d015bcdc8_9366/busenitz-shoes.jpg
adidas,mens,skateboarding,https://assets.adidas.com/images/w_385,h_385,f_auto,q_auto:sensitive,fl_lossy/938772645b2c47c0a5e9aacd00fb32a0_9366/tyshawn-shoes.jpg
adidas,mens,training,https://assets.adidas.com/images/w_385,h_385,f_auto,q_auto:sensitive,fl_lossy/95420517b71042d9b521ab180000af0d_9366/edge-gameday-shoes.jpg
adidas,mens,training,https://assets.adidas.com/images/w_385,h_385,f_auto,q_auto:sensitive,fl_lossy/b5ecee1947d54732bbb8a90e0162f319_9366/alphabounce-instinct-shoes.jpg
adidas,mens,training,https://assets.adidas.com/images/w_385,h_385,f_auto,q_auto:sensitive,fl_lossy/28721561ce8845cc8a43aaa7017531bb_9366/fitboost-trainers.jpg
adidas,mens,training,https://assets.adidas.com/images/w_385,h_385,f_auto,q_auto:sensitive,fl_lossy/66d2f936c9d64fae8345ab05013ff46c_9366/fitboost-primeblue-trainer-shoes.jpg
adidas,mens,training,https://assets.adidas.com/images/w_385,h_385,f_auto,q_auto:sensitive,fl_lossy/2e609f82bb414acb8edaaa6401058740_9366/strutter-shoes.jpg
adidas,mens,training,https://assets.adidas.com/images/w_385,h_385,f_auto,q_auto:sensitive,fl_lossy/453321bc93c24297bf5faa2c01792402_9366/sensebounce-plus-shoes.jpg
adidas,mens,training,https://assets.adidas.com/images/w_385,h_385,f_auto,q_auto:sensitive,fl_lossy/605cf931b4644ac0aa73abe20070fc44_9366/stabil-next-gen-shoes.jpg
adidas,mens,training,https://assets.adidas.com/images/w_385,h_385,f_auto,q_auto:sensitive,fl_lossy/320e0e337d6246aa8f6eab0600ff793b_9366/senseboost-go-shoes.jpg
adidas,mens,training,https://assets.adidas.com/images/w_385,h_385,f_auto,q_auto:sensitive,fl_lossy/a789c7c71aa0479b899eab0d0119df28_9366/court-team-bounce-shoes.jpg
adidas,mens,training,https://assets.adidas.com/images/w_385,h_385,f_auto,q_auto:sensitive,fl_lossy/a94d79adf09d4c9b9307a926011777ce_9366/alphabounce-rc-2.0-shoes.jpg
adidas,mens,soccer,https://assets.adidas.com/images/w_385,h_385,f_auto,q_auto:sensitive,fl_lossy/f692c3a18720487a82f0a5b600a5cedf_9366/samba-classic-shoes.jpg
adidas,mens,soccer,https://assets.adidas.com/images/w_385,h_385,f_auto,q_auto:sensitive,fl_lossy/9a1c1af88f044d2288d2a5a90114db97_9366/samba-classic.jpg
adidas,mens,baseball,https://assets.adidas.com/images/w_385,h_385,f_auto,q_auto:sensitive,fl_lossy/7ddcc35d2d774104978ea7900156aa31_9366/icon-trainer-shoes.jpg
adidas,womens,lifestyle,https://assets.adidas.com/images/w_385,h_385,f_auto,q_auto:sensitive,fl_lossy/4d77d979bf584e5e91c4ab18009a871c_9366/terrex-agravic-tr-trail-running-shoes.jpg
adidas,womens,lifestyle,https://assets.adidas.com/images/w_385,h_385,f_auto,q_auto:sensitive,fl_lossy/4f9d4533ab0b469493f7abad0104160c_9366/puremotion-adapt-shoes.jpg
adidas,womens,lifestyle,https://assets.adidas.com/images/w_385,h_385,f_auto,q_auto:sensitive,fl_lossy/47ae0eebe68d4f11a73da82e0131fe94_9366/cloudfoam-pure-shoes.jpg
adidas,womens,lifestyle,https://assets.adidas.com/images/w_385,h_385,f_auto,q_auto:sensitive,fl_lossy/f35931a813fd49179a0baba3015974f6_9366/gazelle-og-shoes.jpg
adidas,womens,lifestyle,https://assets.adidas.com/images/w_385,h_385,f_auto,q_auto:sensitive,fl_lossy/f6c89defbdb547e2887eaba30125f364_9366/adidas-sleek-lo-shoes.jpg
adidas,womens,lifestyle,https://assets.adidas.com/images/w_385,h_385,f_auto,q_auto:sensitive,fl_lossy/ffa2f081a41e4678bee6a80e011042ab_9366/adilette-comfort-slides.jpg
adidas,womens,lifestyle,https://assets.adidas.com/images/w_385,h_385,f_auto,q_auto:sensitive,fl_lossy/128d0355806f47a498a0aba3017e5037_9366/basket-profi-shoes.jpg
adidas,womens,lifestyle,https://assets.adidas.com/images/w_385,h_385,f_auto,q_auto:sensitive,fl_lossy/82dde22969f345e5aaa9abeb000f2e3d_9366/nizza-platform-shoes.jpg
adidas,womens,running,https://brand.assets.adidas.com/image/upload/f_auto,q_auto,fl_lossy/enUS/Images/comm-fw20-black-friday-Ingrid-CTA-D_tcm221-598639.jpg
adidas,womens,running,https://assets.adidas.com/images/w_385,h_385,f_auto,q_auto:sensitive,fl_lossy/1dd28442a5714d63963eab0a00d17e2f_9366/ultraboost-summer.rdy-shoes.jpg
adidas,womens,running,https://assets.adidas.com/images/w_385,h_385,f_auto,q_auto:sensitive,fl_lossy/1dbf7f7b4ef64ff9956eabd800cbff29_9366/supernova-winter.rdy-shoes.jpg
adidas,womens,running,https://assets.adidas.com/images/w_385,h_385,f_auto,q_auto:sensitive,fl_lossy/2dc625dfc9a94f139899ab57011424e9_9366/supernova-shoes.jpg
adidas,womens,running,https://assets.adidas.com/images/w_385,h_385,f_auto,q_auto:sensitive,fl_lossy/60c699ac7e1e44b98d99ab5601890d5e_9366/edge-lux-4-shoes.jpg
adidas,womens,running,https://assets.adidas.com/images/w_385,h_385,f_auto,q_auto:sensitive,fl_lossy/1e34103f7afd4f929f8fab57010935d1_9366/adizero-boston-9-shoes.jpg
adidas,womens,running,https://assets.adidas.com/images/w_385,h_385,f_auto,q_auto:sensitive,fl_lossy/451f57db10ae40c585f5ab73013fa8e3_9366/ultraboost-20-glam-pack-shoes.jpg
adidas,womens,running,https://assets.adidas.com/images/w_385,h_385,f_auto,q_auto:sensitive,fl_lossy/b3de406b025e4f4d8dcaabbf010ed765_9366/x9000l2-shoes.jpg
adidas,womens,basketball,https://assets.adidas.com/images/w_385,h_385,f_auto,q_auto:sensitive,fl_lossy/158ad3ff729e4c95a8aeabd70125983a_9366/pro-boost-mid-shoes.jpg
adidas,womens,basketball,https://assets.adidas.com/images/w_385,h_385,f_auto,q_auto:sensitive,fl_lossy/e7b1d75f027a49c2b13dabd80176325c_9366/pro-model-2g-shoes.jpg
adidas,womens,basketball,https://assets.adidas.com/images/w_385,h_385,f_auto,q_auto:sensitive,fl_lossy/69675291c09b4c6391a6abaa00448f12_9366/court-vision-2.0-shoes.jpg
adidas,womens,basketball,https://assets.adidas.com/images/w_385,h_385,f_auto,q_auto:sensitive,fl_lossy/0815407ec24f4960b52dab5e011879cd_9366/d-rose-773-2020-shoes.jpg
adidas,womens,soccer,https://brand.assets.adidas.com/image/upload/f_auto,q_auto,fl_lossy/enUS/Images/football-fw20-GMR-launch-plp-storysnippet-d_tcm221-586220.jpg
adidas,womens,soccer,https://assets.adidas.com/images/w_385,h_385,f_auto,q_auto:sensitive,fl_lossy/1bc29fbb7f2444128a5aab0d00826239_9366/goletto-vii-firm-ground-cleats.jpg
adidas,womens,soccer,https://assets.adidas.com/images/w_385,h_385,f_auto,q_auto:sensitive,fl_lossy/3d18be51d9b9438b9043ab520126dc4b_9366/x-ghosted.3-laceless-firm-ground-soccer-cleats.jpg
adidas,womens,soccer,https://assets.adidas.com/images/w_385,h_385,f_auto,q_auto:sensitive,fl_lossy/94783ae9472b4e18a66fab3b00bc3ad5_9366/copa-20.3-firm-ground-cleats.jpg
adidas,womens,soccer,https://assets.adidas.com/images/w_385,h_385,f_auto,q_auto:sensitive,fl_lossy/7e29d76182e143f5bc82abd50080e086_9366/predator-mutator-20.3-shoes.jpg
adidas,womens,soccer,https://assets.adidas.com/images/w_385,h_385,f_auto,q_auto:sensitive,fl_lossy/332531b6511549d2947bab50012047c6_9366/x-ghosted.3-turf-soccer-shoes.jpg
adidas,womens,soccer,https://assets.adidas.com/images/w_385,h_385,f_auto,q_auto:sensitive,fl_lossy/2d9c448bbb4d4f1da0c9abb800a22ab4_9366/copa-20.1-firm-ground-boots.jpg
adidas,womens,soccer,https://assets.adidas.com/images/w_385,h_385,f_auto,q_auto:sensitive,fl_lossy/ff520738980d4e238abbab50011bc4ff_9366/x-ghosted.3-firm-ground-soccer-cleats.jpg
adidas,womens,soccer,https://assets.adidas.com/images/w_385,h_385,f_auto,q_auto:sensitive,fl_lossy/f54d673afd4944f1af8eabc6011d465b_9366/predator-mutator-20.3-firm-ground-cleats.jpg
adidas,womens,soccer,https://assets.adidas.com/images/w_385,h_385,f_auto,q_auto:sensitive,fl_lossy/941e03c2a92044b8b8e0ab9f0057c158_9366/predator-mutator-20.4-indoor-sala-shoes.jpg
adidas,womens,soccer,https://assets.adidas.com/images/w_385,h_385,f_auto,q_auto:sensitive,fl_lossy/54fcb45f56bb46d09b20ab5201273b5a_9366/x-ghosted.3-indoor-soccer-shoes.jpg
adidas,womens,soccer,https://assets.adidas.com/images/w_385,h_385,f_auto,q_auto:sensitive,fl_lossy/f7be07b1750646748aaaab3100de0048_9366/predator-20.2-firm-ground-cleats.jpg
adidas,womens,soccer,https://assets.adidas.com/images/w_385,h_385,f_auto,q_auto:sensitive,fl_lossy/e6fb43966c784f10a47faba60137a53e_9366/nemeziz-19.1-firm-ground-cleats.jpg
adidas,womens,soccer,https://assets.adidas.com/images/w_385,h_385,f_auto,q_auto:sensitive,fl_lossy/add1e8dd783640298666abc6010de51d_9366/nemeziz-19.3-firm-ground-cleats.jpg
adidas,womens,soccer,https://assets.adidas.com/images/w_385,h_385,f_auto,q_auto:sensitive,fl_lossy/136e76c726e8406eb5f5ab9f0092b655_9366/predator-mutator-20.3-turf-shoes.jpg
adidas,womens,soccer,https://assets.adidas.com/images/w_385,h_385,f_auto,q_auto:sensitive,fl_lossy/a9fe33651db54f568a29ab1800eaca24_9366/predator-20.4-flexible-ground-cleats.jpg
adidas,womens,soccer,https://assets.adidas.com/images/w_385,h_385,f_auto,q_auto:sensitive,fl_lossy/e6585d4aa00d4b68972cab9101675776_9366/nemeziz-19-plus-firm-ground-cleats.jpg
adidas,womens,soccer,https://assets.adidas.com/images/w_385,h_385,f_auto,q_auto:sensitive,fl_lossy/dd25fb0fcdb346b5a8bfab520127a6c2_9366/x-ghosted.4-flexible-ground-soccer-cleats.jpg
adidas,womens,soccer,https://assets.adidas.com/images/w_385,h_385,f_auto,q_auto:sensitive,fl_lossy/bff3be2bdfa941dc8de7ab50011e65be_9366/x-ghosted.1-firm-ground-soccer-cleats.jpg
adidas,womens,soccer,https://assets.adidas.com/images/w_385,h_385,f_auto,q_auto:sensitive,fl_lossy/169ad74b03a24d8295eaa59900e38378_9366/copa-mundial-shoes.jpg
adidas,womens,soccer,https://assets.adidas.com/images/w_385,h_385,f_auto,q_auto:sensitive,fl_lossy/a4180d7e11874b99a30fa59900e3aabd_9366/mundial-team-shoes.jpg
adidas,womens,soccer,https://assets.adidas.com/images/w_385,h_385,f_auto,q_auto:sensitive,fl_lossy/7add3c040d88411c9068ab9700c2e216_9366/predator-mutator-20.1-firm-ground-cleats.jpg
adidas,womens,soccer,https://assets.adidas.com/images/w_385,h_385,f_auto,q_auto:sensitive,fl_lossy/e18d23825fe64862877da59f009e23d3_9366/mundial-goal-shoes.jpg
adidas,womens,soccer,https://assets.adidas.com/images/w_385,h_385,f_auto,q_auto:sensitive,fl_lossy/5ac57808c51e44d7a61bab0b010c6dea_9366/copa-20.4-firm-ground-cleats.jpg
adidas,womens,soccer,https://assets.adidas.com/images/w_385,h_385,f_auto,q_auto:sensitive,fl_lossy/a5a203f7a32147b3a155ab6f01231f5f_9366/predator-mutator-20.4-flexible-ground-cleats.jpg
adidas,womens,soccer,https://assets.adidas.com/images/w_385,h_385,f_auto,q_auto:sensitive,fl_lossy/066dca3068b84f77bcb0abc6011d5bbb_9366/predator-mutator-20.3-low-firm-ground-cleats.jpg
adidas,womens,soccer,https://assets.adidas.com/images/w_385,h_385,f_auto,q_auto:sensitive,fl_lossy/ba10fa70098a4e5e8357aba701465bdf_9366/nemeziz-19.2-firm-ground-cleats.jpg
adidas,womens,soccer,https://assets.adidas.com/images/w_385,h_385,f_auto,q_auto:sensitive,fl_lossy/0b66cf11aaff4a719b7fabd50081edbb_9366/predator-mutator-20.3-laceless-firm-ground-cleats.jpg
adidas,womens,soccer,https://assets.adidas.com/images/w_385,h_385,f_auto,q_auto:sensitive,fl_lossy/d719681bfead4d91965daba7011e4f88_9366/x-ghosted.2-firm-ground-soccer-cleats.jpg
adidas,womens,soccer,https://assets.adidas.com/images/w_385,h_385,f_auto,q_auto:sensitive,fl_lossy/b815f00d8bd9409ca3aaab51014126a0_9366/predator-mutator-20.2-firm-ground-cleats.jpg
adidas,womens,soccer,https://assets.adidas.com/images/w_385,h_385,f_auto,q_auto:sensitive,fl_lossy/07cf16979bab4d33a0cdab2300e293d0_9366/copa-20.1-firm-ground-cleats.jpg
adidas,womens,soccer,https://assets.adidas.com/images/w_385,h_385,f_auto,q_auto:sensitive,fl_lossy/79c8fb4aeebf474aae6aaa3901385dad_9366/predator-19.1-firm-ground-cleats.jpg
adidas,womens,soccer,https://assets.adidas.com/images/w_385,h_385,f_auto,q_auto:sensitive,fl_lossy/e9dfe7172d08415dbc06aba700575fbd_9366/nemeziz-19.4-flexible-ground-cleats.jpg
adidas,womens,soccer,https://assets.adidas.com/images/w_385,h_385,f_auto,q_auto:sensitive,fl_lossy/4dbadfece4b54eed993aaa0300914280_9366/copa-19.1-firm-ground-cleats.jpg
adidas,womens,soccer,https://assets.adidas.com/images/w_385,h_385,f_auto,q_auto:sensitive,fl_lossy/ced921f2c14c4d1b85a4ab90014f3577_9366/copa-20-plus-firm-ground-cleats.jpg
adidas,womens,golf,https://brand.assets.adidas.com/image/upload/f_auto,q_auto,fl_lossy/enUS/Images/ingrid-womens-polos-d_tcm221-555612.jpg
adidas,womens,golf,https://assets.adidas.com/images/w_385,h_385,f_auto,q_auto:sensitive,fl_lossy/66d2c3c2805740ca9467abe400914e0d_9366/tour360-xt-sl-spikeless-golf-shoes.jpg
adidas,womens,golf,https://assets.adidas.com/images/w_385,h_385,f_auto,q_auto:sensitive,fl_lossy/9aec82d569a54438a2e7aaa70183eb69_9366/adipure-dc2-golf-shoes.jpg
adidas,womens,golf,https://assets.adidas.com/images/w_385,h_385,f_auto,q_auto:sensitive,fl_lossy/90d2976a37234cf99831aaa701823453_9366/crossknit-dpr-golf-shoes.jpg
adidas,womens,golf,https://assets.adidas.com/images/w_385,h_385,f_auto,q_auto:sensitive,fl_lossy/e5001e26ec57439880ddaaa701533933_9366/codechaos-golf-shoes.jpg
adidas,womens,golf,https://assets.adidas.com/images/w_385,h_385,f_auto,q_auto:sensitive,fl_lossy/9cfc280866374f39bcc7ab050014bf29_9366/codechaos-primeblue-golf-shoes.jpg
adidas,womens,golf,https://assets.adidas.com/images/w_385,h_385,f_auto,q_auto:sensitive,fl_lossy/c3a4643ff2cc4f5a9f33aaa400fc3802_9366/climacool-cage-shoes.jpg
adidas,womens,golf,https://assets.adidas.com/images/w_385,h_385,f_auto,q_auto:sensitive,fl_lossy/47a415943be44b408b9aa7e0017d8c2e_9366/climacool-knit-shoes.jpg
adidas,womens,golf,https://assets.adidas.com/images/w_385,h_385,f_auto,q_auto:sensitive,fl_lossy/33838fc12e7341a7a6dea93501295e82_9366/tech-response-shoes.jpg
adidas,womens,golf,https://assets.adidas.com/images/w_385,h_385,f_auto,q_auto:sensitive,fl_lossy/d6c1ba32b82a4468b7b8a9e0010599e9_9366/response-bounce-2.0-shoes.jpg
adidas,womens,golf,https://assets.adidas.com/images/w_385,h_385,f_auto,q_auto:sensitive,fl_lossy/c4c576f4b9b242698df2aaa70189b75b_9366/adipure-sport-2.0-shoes.jpg
adidas,womens,golf,https://assets.adidas.com/images/w_385,h_385,f_auto,q_auto:sensitive,fl_lossy/916ee6f39c1d4f5382efa89800278139_9366/response-bounce-shoes.jpg
adidas,womens,golf,https://assets.adidas.com/images/w_385,h_385,f_auto,q_auto:sensitive,fl_lossy/4fbde83cef774bcc9b59a89100728b7a_9366/adipower-4orged-shoes.jpg
adidas,womens,golf,https://assets.adidas.com/images/w_385,h_385,f_auto,q_auto:sensitive,fl_lossy/2a62cbbd60fc44549f6daaa7018226fe_9366/response-bounce-2.0-sl-golf-shoes.jpg
adidas,womens,golf,https://assets.adidas.com/images/w_385,h_385,f_auto,q_auto:sensitive,fl_lossy/669dc0beca7b4ddfaf5ea9220006480d_9366/pureboost-golf-shoes.jpg
adidas,womens,golf,https://assets.adidas.com/images/w_385,h_385,f_auto,q_auto:sensitive,fl_lossy/d162be6dd387489a9df7abac002e5e5e_9366/alphaflex-sport-spikeless-golf-shoes.jpg
adidas,womens,golf,https://assets.adidas.com/images/w_385,h_385,f_auto,q_auto:sensitive,fl_lossy/520963ad61d14adf905ea80e00fbb8a8_9366/adipure-dc-shoes.jpg
adidas,womens,golf,https://assets.adidas.com/images/w_385,h_385,f_auto,q_auto:sensitive,fl_lossy/a8692c55831f4b17a4b7aaa7015356ac_9366/codechaos-boa-golf-shoes.jpg
adidas,womens,golf,https://assets.adidas.com/images/w_385,h_385,f_auto,q_auto:sensitive,fl_lossy/64eac943f52b469aad27a80e010d4c9c_9366/pureboost-xg-shoes.jpg
adidas,womens,golf,https://assets.adidas.com/images/w_385,h_385,f_auto,q_auto:sensitive,fl_lossy/d125c4ed2c194c32b3baa6ec00e63bba_9366/adipure-sport-shoes.jpg
adidas,womens,training,https://assets.adidas.com/images/w_385,h_385,f_auto,q_auto:sensitive,fl_lossy/2cb56fec6f154a648a35abdb00fc476f_9366/powerlift-4-shoes.jpg
adidas,womens,training,https://assets.adidas.com/images/w_385,h_385,f_auto,q_auto:sensitive,fl_lossy/9f73f43081db425fb33cabb800a29f63_9366/supernova-glam-pack-shoes.jpg
adidas,womens,training,https://assets.adidas.com/images/w_385,h_385,f_auto,q_auto:sensitive,fl_lossy/08246243aeb347f69a83aba400a9fe08_9366/novamotion-shoes.jpg
adidas,womens,training,https://assets.adidas.com/images/w_385,h_385,f_auto,q_auto:sensitive,fl_lossy/9cbe2df9c5774b59b079a81200da6cbe_9366/triple-cheer-shoes.jpg
adidas,womens,training,https://assets.adidas.com/images/w_385,h_385,f_auto,q_auto:sensitive,fl_lossy/95b9bc6dac8d44b499b4ab0a00989178_9366/crazyflight-shoes.jpg
adidas,womens,training,https://assets.adidas.com/images/w_385,h_385,f_auto,q_auto:sensitive,fl_lossy/12297f9d716d4a29b9f0ab1a01028410_9366/boxing-shoes.jpg
adidas,womens,training,https://assets.adidas.com/images/w_385,h_385,f_auto,q_auto:sensitive,fl_lossy/cd2f65f0e8674168a3a2a9ad0112a1a9_9366/pureboost-trainer-shoes.jpg
adidas,womens,training,https://assets.adidas.com/images/w_385,h_385,f_auto,q_auto:sensitive,fl_lossy/11caabfcd941451bb5a7abdb00ee1572_9366/box-hog-3-shoes.jpg
adidas,womens,training,https://assets.adidas.com/images/w_385,h_385,f_auto,q_auto:sensitive,fl_lossy/8aa8245141b64da98d09ab130112c142_9366/crazyflight-mid-volleyball-shoes.jpg
adidas,womens,training,https://assets.adidas.com/images/w_385,h_385,f_auto,q_auto:sensitive,fl_lossy/3d90b30775d94388ad81ab2101022aa9_9366/crazyflight-usav-shoes.jpg
adidas,womens,training,https://assets.adidas.com/images/w_385,h_385,f_auto,q_auto:sensitive,fl_lossy/b8decd4e99b04953aef6abc30080f1f1_9366/puremotion-shoes.jpg
adidas,womens,training,https://assets.adidas.com/images/w_385,h_385,f_auto,q_auto:sensitive,fl_lossy/1888d64ba4de4dfd862cab1a012373c1_9366/fluidflow-shoes.jpg
adidas,womens,training,https://assets.adidas.com/images/w_385,h_385,f_auto,q_auto:sensitive,fl_lossy/c3633e27163840829565abdc00e62bed_9366/crazyflight-mid-tokyo-volleyball-shoes.jpg
adidas,womens,training,https://assets.adidas.com/images/w_385,h_385,f_auto,q_auto:sensitive,fl_lossy/faf64035181c40928a7ea935010dfeb5_9366/alphabounce-instinct-clima-shoes.jpg
