nike,mens,lifestyle,https://static.nike.com/a/images/c_limit,w_592,f_auto/t_product_v1/ced253ed-cb7c-4ea0-92ca-6172cddc60bc/air-vapormax-2020-fk-mens-shoe-kn9vwZ.jpg
nike,mens,lifestyle,https://static.nike.com/a/images/c_limit,w_592,f_auto/t_product_v1/dicle1kmn9lefvul4umj/air-vapormax-flyknit-3-mens-shoe-JsWsB7.jpg
nike,mens,lifestyle,https://static.nike.com/a/images/c_limit,w_592,f_auto/t_product_v1/jomszuqr8gw3h18xhpro/air-force-1-07-mens-shoe-JkTGzADv.jpg
nike,mens,lifestyle,https://static.nike.com/a/images/c_limit,w_592,f_auto/t_product_v1/049cf68b-98d2-44f2-bec4-c0c7ebdf6cf7/air-force-1-07-lv8-mens-shoe-qgfv2t.jpg
nike,mens,lifestyle,https://static.nike.com/a/images/c_limit,w_592,f_auto/t_product_v1/4fd2bc0a-f4bc-49cf-b0a3-63ea10cfb895/blazer-mid-77-vintage-mens-shoe-flCCX4.jpg
nike,mens,lifestyle,https://static.nike.com/a/images/c_limit,w_592,f_auto/t_product_v1/8d073a30-c585-4459-8965-2cb4dbf9f2d4/blazer-mid-77-suede-shoe-HxFGDP.jpg
nike,mens,lifestyle,https://static.nike.com/a/images/c_limit,w_592,f_auto/t_product_v1/3a8c0fb7-b1b8-4c75-8502-a9a65967613b/air-max-97-mens-shoe-kwMZRG.jpg
nike,mens,lifestyle,https://static.nike.com/a/images/c_limit,w_592,f_auto/t_product_v1/76c30d20-3e2b-4e77-bf42-7ffe21f5adc6/air-max-97-mens-shoe-77fZ6h.jpg
nike,mens,lifestyle,https://static.nike.com/a/images/w_960,c_limit/77abcd20-9ed7-490c-86e0-8f7d30d740f2/image.jpg
nike,mens,lifestyle,https://static.nike.com/a/images/c_limit,w_592,f_auto/t_product_v1/c6df96c6-cf00-4c36-9a5d-925e765d809d/air-jordan-4-retro-shoe.jpg
nike,mens,lifestyle,https://static.nike.com/a/images/c_limit,w_592,f_auto/t_product_v1/i1-a1baccb1-c212-499d-b194-bfe6044699e8/air-jordan-1-mid-shoe-1zMCFJ.jpg
nike,mens,lifestyle,https://static.nike.com/a/images/c_limit,w_592,f_auto/t_product_v1/7551fbbd-df26-45d8-9b67-28b965936a0a/air-force-1-gtx-mens-shoe-MXf3Lm.jpg
nike,mens,lifestyle,https://static.nike.com/a/images/c_limit,w_592,f_auto/t_product_v1/e572ccf4-297d-44b5-8310-12b35fe750f4/air-force-1-gtx-boot-boot-vtm6QP.jpg
nike,mens,lifestyle,https://static.nike.com/a/images/c_limit,w_592,f_auto/t_product_v1/3e689630-e1ca-4e35-b08c-6f32e9afb14d/air-force-1-07-craft-mens-shoe-85QtKP.jpg
nike,mens,lifestyle,https://static.nike.com/a/images/c_limit,w_592,f_auto/t_product_v1/f661de64-f3f0-4b41-b6d8-df2d887257c4/blazer-mid-77-infinite-mens-shoe-JzSfwl.jpg
nike,mens,lifestyle,https://static.nike.com/a/images/c_limit,w_592,f_auto/t_product_v1/12218601-6303-49ca-8611-180dc1115e46/air-vapormax-plus-mens-shoe-w4xgr4.jpg
nike,mens,lifestyle,https://static.nike.com/a/images/c_limit,w_592,f_auto/t_product_v1/5c955f8a-2cae-4568-8e07-f6b40d4846fe/air-vapormax-2020-fk-ms-mens-shoe-jNbjTr.jpg
nike,mens,lifestyle,https://static.nike.com/a/images/c_limit,w_592,f_auto/t_product_v1/ndfbpzstq3aildfh6gv5/air-max-97-mens-shoe-SD3ZmW.jpg
nike,mens,lifestyle,https://static.nike.com/a/images/c_limit,w_592,f_auto/t_product_v1/s6dp2gck3oukxj9csz5y/air-max-270-mens-shoe-qVk0Vw.jpg
nike,mens,lifestyle,https://static.nike.com/a/images/c_limit,w_592,f_auto/t_product_v1/bhwrvokud9flh34cchb8/air-max-90-mens-shoe-6n3vKB.jpg
nike,mens,lifestyle,https://static.nike.com/a/images/c_limit,w_592,f_auto/t_product_v1/fyucd434demo48pnpf9a/air-max-270-mens-shoe-Z0k0Fs.jpg
nike,mens,lifestyle,https://static.nike.com/a/images/c_limit,w_592,f_auto/t_product_v1/6fe4ca6e-7f66-4027-b8d0-dc8272e93086/air-zoom-pulse-shoe-xlmwMX.jpg
nike,mens,lifestyle,https://static.nike.com/a/images/c_limit,w_592,f_auto/t_product_v1/ac113d48-f387-4342-99ab-3b6615e28e23/adapt-auto-max-mens-shoe-LzgpKZ.jpg
nike,mens,lifestyle,https://static.nike.com/a/images/c_limit,w_592,f_auto/t_product_v1/d8ad5d1d-974f-4bb2-a023-d80f8a002f4b/air-zoom-spiridon-cage-2-se-mens-shoe-lpWWcS.jpg
nike,mens,lifestyle,https://static.nike.com/a/images/c_limit,w_592,f_auto/t_product_v1/28a713e1-031b-4d5a-b811-399551e7b170/air-max-90-surplus-mens-shoe-JkDzfz.jpg
nike,mens,jordan,https://static.nike.com/a/images/c_limit,w_592,f_auto/t_product_v1/865f882e-cb6f-4fff-b511-9aeaf37466a7/air-jordan-1-low-shoe-z3Tl2VeJ.jpg
nike,mens,jordan,https://static.nike.com/a/images/c_limit,w_592,f_auto/t_product_v1/588807a7-e33e-4b9b-af57-6688d33daf33/air-jordan-11-retro-mens-shoe-ZNF1qX.jpg
nike,mens,jordan,https://static.nike.com/a/images/c_limit,w_592,f_auto/t_product_v1/36549574-cee0-49d5-b9e7-82e9ae204201/jordan-max-200-bayou-boys-shoe-kfmb5D.jpg
nike,mens,jordan,https://static.nike.com/a/images/c_limit,w_592,f_auto/t_product_v1/d7afe100-cade-400e-b7e5-5264bcfb0437/air-jordan-xxxv-dna-basketball-shoe-cgVrrs.jpg
nike,mens,jordan,https://static.nike.com/a/images/c_limit,w_592,f_auto/t_product_v1/e5594d0a-5114-4dbb-8045-aec8e2c3b1c3/jordan-spizike-270-mens-boot-31Pcjd.jpg
nike,mens,jordan,https://static.nike.com/a/images/c_limit,w_592,f_auto/t_product_v1/176dbf0a-0af9-45e6-bd20-584230194f2e/jordan-pro-rx-mens-shoe-TlGBZx.jpg
nike,mens,jordan,https://static.nike.com/a/images/c_limit,w_592,f_auto/t_product_v1/60bc7daa-6bfb-407f-9a04-ef2b72c6bdda/air-jordan-1-mid-se-mens-shoe-P7bjRV.jpg
nike,mens,jordan,https://static.nike.com/a/images/c_limit,w_592,f_auto/t_product_v1/7b4923de-c8b6-4ba8-a5f4-458200e38de4/air-jordan-3-retro-se-shoe-gt1c9k.jpg
nike,mens,jordan,https://static.nike.com/a/images/c_limit,w_592,f_auto/t_product_v1/77d2e347-7c75-482d-a0e9-419ce78a8ff6/jordan-crater-shoe-B3fHB5.jpg
nike,mens,jordan,https://static.nike.com/a/images/c_limit,w_592,f_auto/t_product_v1/665312d9-1fb0-4296-9342-18d676851059/jordan-crater-slide-1cLgFx.jpg
nike,mens,jordan,https://static.nike.com/a/images/c_limit,w_592,f_auto/t_product_v1/8807f965-97c1-457a-bfdf-8310f1f75864/jordan-zoom-92-mens-shoe-HGMsj5.jpg
nike,mens,jordan,https://static.nike.com/a/images/c_limit,w_592,f_auto/t_product_v1/1b7cd910-9472-4d18-9cc9-82af48fc189c/jordan-delta-mens-shoe-jpSKRQ.jpg
nike,mens,jordan,https://static.nike.com/a/images/c_limit,w_592,f_auto/t_product_v1/c212f907-eff7-4b84-ade4-a2b8d11efd70/jordan-delta-breathe-mens-shoe-2ggX3h.jpg
nike,mens,jordan,https://static.nike.com/a/images/c_limit,w_592,f_auto/t_product_v1/c52998e1-3fc6-401e-815c-138932dfee9d/jordan-air-cadence-mens-shoe-CCZftP.jpg
nike,mens,jordan,https://static.nike.com/a/images/c_limit,w_592,f_auto/t_product_v1/30c526cb-a77a-4cca-9f6e-144800111fed/jordan-zoom-trunner-ultimate-running-shoe-bW1Dzz.jpg
nike,mens,jordan,https://static.nike.com/a/images/c_limit,w_592,f_auto/t_product_v1/e0e0f178-81dd-4134-940e-2b12e7e26b13/jordan-air-zoom-renegade-x-paris-saint-germain-shoe-ssVnxX.jpg
nike,mens,jordan,https://static.nike.com/a/images/c_limit,w_592,f_auto/t_product_v1/af704996-85db-4f84-a632-feccef4ab387/jordan-react-elevation-mens-basketball-shoe-6Z3rQ4.jpg
nike,mens,jordan,https://static.nike.com/a/images/c_limit,w_592,f_auto/t_product_v1/5424b391-85d8-4748-a090-1720ad282e84/jordan-react-elevation-mens-basketball-shoe-gbq4s8.jpg
nike,mens,jordan,https://static.nike.com/a/images/c_limit,w_592,f_auto/t_product_v1/d490373c-3eda-4e42-86ae-d08036771520/jordan-delta-mens-shoe-CKxS11.jpg
nike,mens,jordan,https://static.nike.com/a/images/c_limit,w_592,f_auto/t_product_v1/a05ddeb4-c4e1-4630-a31e-afac16879b3e/jordan-zoom-trunner-advance-training-shoe-DFWdgM.jpg
nike,mens,jordan,https://static.nike.com/a/images/c_limit,w_592,f_auto/t_product_v1/12b7ac31-2a85-438b-920e-e4006a5723b1/air-jordan-7-retro-se-shoe-HVxKJm.jpg
nike,mens,jordan,https://static.nike.com/a/images/c_limit,w_592,f_auto/t_product_v1/04eecfc1-ad65-4e19-81a6-c446eb933262/jordan-air-zoom-renegade-running-shoe-GVcZTF.jpg
nike,mens,running,https://static.nike.com/a/images/c_limit,w_592,f_auto/t_product_v1/72078a06-8850-4f12-8e69-7c24b1a2b8c1/react-infinity-run-flyknit-air-chaz-bundick-running-shoe-V63mjN.jpg
nike,mens,running,https://static.nike.com/a/images/c_limit,w_592,f_auto/t_product_v1/259a7f28-f7bc-4376-918d-f9ad20fbe81f/air-zoom-pegasus-37-mens-running-shoe-KLvDcj.jpg
nike,mens,running,https://static.nike.com/a/images/c_limit,w_592,f_auto/t_product_v1/396c8a08-428b-4c14-be90-78904ba88431/air-zoom-alphafly-next-mens-racing-shoe-2FN3N2.jpg
nike,mens,running,https://static.nike.com/a/images/c_limit,w_592,f_auto/t_product_v1/48c813c8-06df-41b7-a651-ab10c4aad7a6/zoomx-vaporfly-next-running-shoe-4Q5jfG.jpg
nike,mens,running,https://static.nike.com/a/images/c_limit,w_592,f_auto/t_product_v1/48482617-33ea-4adc-90a2-a1cb5d9e3ca5/air-zoom-tempo-next-mens-running-shoe-Jp0gJk.jpg
nike,mens,running,https://static.nike.com/a/images/c_limit,w_592,f_auto/t_product_v1/8159f77b-b1ad-4906-9434-bd9120ab7cf7/react-infinity-run-flyknit-mens-running-shoe-zX42Nc.jpg
nike,mens,running,https://static.nike.com/a/images/c_limit,w_592,f_auto/t_product_v1/57a3972a-777b-42af-86d3-9282ef6a05c6/pegasus-trail-2-gore-tex-mens-trail-running-shoe-0vmbg9.jpg
nike,mens,running,https://static.nike.com/a/images/c_limit,w_592,f_auto/t_product_v1/2a958a59-5714-4e7c-bea1-f2a0c94c2ec5/air-zoom-pegasus-37-shield-mens-running-shoe-B2DGpk.jpg
nike,mens,running,https://static.nike.com/a/images/c_limit,w_592,f_auto/t_product_v1/5bf0690b-367b-4581-b67d-45bc778a60df/quest-3-shield-mens-running-shoe-40Jbhj.jpg
nike,mens,running,https://static.nike.com/a/images/c_limit,w_592,f_auto/t_product_v1/ca3ffeb0-2333-4603-b3a8-cbfe36670201/react-phantom-run-flyknit-2-mens-running-shoe-13Ml69.jpg
nike,mens,running,https://static.nike.com/a/images/c_limit,w_592,f_auto/t_product_v1/3deb9c54-2ddf-46d1-9d0d-d400445b4e08/air-zoom-pegasus-37-flyease-mens-running-shoe-8nq874.jpg
nike,mens,running,https://static.nike.com/a/images/c_limit,w_592,f_auto/t_product_v1/89faeef4-4ea8-478a-b64f-6ffae3e06304/air-zoom-structure-23-mens-running-shoe-427jQw.jpg
nike,mens,running,https://static.nike.com/a/images/c_limit,w_592,f_auto/t_product_v1/e36b6c76-eb47-46fc-8274-455c15581666/air-zoom-terra-kiger-6-mens-trail-running-shoe-kNcChX.jpg
nike,mens,running,https://static.nike.com/a/images/c_limit,w_592,f_auto/t_product_v1/696403f6-61bf-43d3-ab37-03060a7f3b5a/wildhorse-6-mens-trail-running-shoe-r5NzHQ.jpg
nike,mens,running,https://static.nike.com/a/images/c_limit,w_592,f_auto/t_product_v1/afbdec12-4429-4cb0-9d01-fc20638ad841/pegasus-trail-2-mens-trail-running-shoe-JKj6Bj.jpg
nike,mens,running,https://static.nike.com/a/images/c_limit,w_592,f_auto/t_product_v1/68051dd8-d68a-4406-a4a1-59524cc49a60/air-zoom-alphafly-next-eliud-kipchoge-mens-racing-shoe-hHNffs.jpg
nike,mens,running,https://static.nike.com/a/images/c_limit,w_592,f_auto/t_product_v1/d7b32428-eea5-403d-bed0-7ce462424ca7/air-zoom-pegasus-37-betrue-shoe-GDqZXX.jpg
nike,mens,running,https://static.nike.com/a/images/c_limit,w_592,f_auto/t_product_v1/f663f396-5125-47a0-b2f5-eb20a124dba8/react-phantom-run-flyknit-2-mens-running-shoe-z8ZSzh.jpg
nike,mens,running,https://static.nike.com/a/images/c_limit,w_592,f_auto/t_product_v1/jw6hmjdth4evjkyngtn9/zoom-pegasus-turbo-2-mens-running-shoe-GcDSX3.jpg
nike,mens,running,https://static.nike.com/a/images/c_limit,w_592,f_auto/t_product_v1/uq4eghfilnnbxmnka2c4/air-zoom-structure-22-mens-running-shoe-extra-wide-1KqM5f.jpg
nike,mens,running,https://static.nike.com/a/images/c_limit,w_592,f_auto/t_product_v1/e34b0c5c-2871-4bc3-a09f-d03f1b78c75e/air-zoom-vomero-14-mens-running-shoe-m4gpHg.jpg
nike,mens,running,https://static.nike.com/a/images/c_limit,w_592,f_auto/t_product_v1/i1-3497e0a7-7e05-4f4b-996e-7ded9c6eca32/flex-experience-run-9-mens-running-shoe-17FprH.jpg
nike,mens,running,https://static.nike.com/a/images/c_limit,w_592,f_auto/t_product_v1/9e6b7fb0-8824-4078-9fe2-8f344cb9d2c3/revolution-5-mens-running-shoe-TzTL9k.jpg
nike,mens,running,https://static.nike.com/a/images/c_limit,w_592,f_auto/t_product_v1/i1-3ef57c15-595c-4b1c-9755-ac3be68add7f/air-zoom-wio-7-mens-running-shoe-810FRg.jpg
nike,mens,basketball,https://static.nike.com/a/images/c_limit,w_592,f_auto/t_product_v1/0459d775-52cd-4bfb-97e8-29c8b04a6e27/kyrie-7-basketball-shoe-5Kj9Lr.jpg
nike,mens,basketball,https://static.nike.com/a/images/c_limit,w_592,f_auto/t_product_v1/57cbe15a-60a9-4519-b40e-713482c15c8e/kyrie-7-creator-basketball-shoe-77mnQg.jpg
nike,mens,basketball,https://static.nike.com/a/images/c_limit,w_592,f_auto/t_product_v1/8239fd44-376a-4754-942e-594b3261eb55/lebron-18-los-angeles-by-night-basketball-shoe-m86vlQ.jpg
nike,mens,basketball,https://static.nike.com/a/images/c_limit,w_592,f_auto/t_product_v1/a011143b-3f77-40be-a425-d6e8b64c2006/lebron-18-basketball-shoe-M6DgN2.jpg
nike,mens,basketball,https://static.nike.com/a/images/c_limit,w_592,f_auto/t_product_v1/921de8b1-b8bc-4877-ba9d-1729a9a5d2a9/adapt-bb-2-basketball-shoe-vdFwKS.jpg
nike,mens,basketball,https://static.nike.com/a/images/c_limit,w_592,f_auto/t_product_v1/9d0e32bf-73f2-41e0-914c-55eb10f607f7/air-zoom-bb-nxt-sisterhood-basketball-shoe-DkL3bs.jpg
nike,mens,basketball,https://static.nike.com/a/images/c_limit,w_592,f_auto/t_product_v1/e086c858-ec71-4fb4-a2fc-52b260032298/air-zoom-bb-nxt-basketball-shoe-nGLJsV.jpg
nike,mens,basketball,https://static.nike.com/a/images/c_limit,w_592,f_auto/t_product_v1/e6461770-4630-4950-8fb4-6515c562e257/air-zoom-bb-nxt-basketball-shoe-LwXlsl.jpg
nike,mens,basketball,https://static.nike.com/a/images/w_960,c_limit/83691320-c58a-4f45-8f7f-e5863d47a7ea/image.png
nike,mens,basketball,https://static.nike.com/a/images/c_limit,w_592,f_auto/t_product_v1/101c849d-d0a0-4882-b10f-30729114ffdf/zoom-freak-2-basketball-shoe-kxsk1r.jpg
nike,mens,basketball,https://static.nike.com/a/images/c_limit,w_592,f_auto/t_product_v1/7c81f001-7ae9-4409-8219-d48840b3cecb/zoom-freak-2-basketball-shoe-B1c3K6.jpg
nike,mens,basketball,https://static.nike.com/a/images/c_limit,w_592,f_auto/t_product_v1/c435a94b-39cd-42f2-924f-fb7e2267db14/pg-4-basketball-shoe-tszRns.jpg
nike,mens,basketball,https://static.nike.com/a/images/c_limit,w_592,f_auto/t_product_v1/a80a775a-58b4-4b73-9822-3a0e62ceb896/lebron-witness-4-team-basketball-shoe-bnFQ8l.jpg
nike,mens,basketball,https://static.nike.com/a/images/c_limit,w_592,f_auto/t_product_v1/97952628-b160-4d4d-9d26-927a9dcdb6fe/kyrie-6-team-basketball-shoe-vRtNQT.jpg
nike,mens,basketball,https://static.nike.com/a/images/c_limit,w_592,f_auto/t_product_v1/ecf18a31-67b9-44be-a39d-aad16656e2a2/kyrie-low-3-team-basketball-shoe-1MrGfs.jpg
nike,mens,basketball,https://static.nike.com/a/images/c_limit,w_592,f_auto/t_product_v1/747684b4-c599-4e92-8c77-296dd6c77ade/kd13-team-basketball-shoe-1q21KR.jpg
nike,mens,basketball,https://static.nike.com/a/images/c_limit,w_592,f_auto/t_product_v1/f59b4fb2-79fa-4583-a6ba-eb09be34d7d4/pg-4-team-basketball-shoe-7gRgF9.jpg
nike,mens,basketball,https://static.nike.com/a/images/c_limit,w_592,f_auto/t_product_v1/54cf1dc5-b9c8-4b5d-b512-7230a36d7659/mamba-fury-team-basketball-shoe-7SS0Q0.jpg
nike,mens,basketball,https://static.nike.com/a/images/c_limit,w_592,f_auto/t_product_v1/e80034d4-323c-4e72-b7c7-9afa5fe28d04/kobe-ad-nxt-basketball-shoe-mjMpsD.jpg
nike,mens,basketball,https://static.nike.com/a/images/c_limit,w_592,f_auto/t_product_v1/944ba1be-ea2b-4518-a0f4-6736dd0203cc/kyrie-low-3-basketball-shoe-4VT0rq.jpg
nike,mens,basketball,https://static.nike.com/a/images/c_limit,w_592,f_auto/t_product_v1/9e7f96a3-d7e6-4d7f-88b9-043fb24c14a3/kyrie-low-3-sashiko-basketball-shoe-Wb5ss2.jpg
nike,mens,basketball,https://static.nike.com/a/images/c_limit,w_592,f_auto/t_product_v1/a91ffed4-1992-43ac-8817-7a2c425e5325/lebron-soldier-14-team-basketball-shoe-pVnnPs.jpg
nike,mens,basketball,https://static.nike.com/a/images/c_limit,w_592,f_auto/t_product_v1/82abe95e-c43b-4be1-aeb5-1f054f2e23e7/lebron-witness-5-basketball-shoe-XJrPgC.jpg
nike,mens,basketball,https://static.nike.com/a/images/c_limit,w_592,f_auto/t_product_v1/0690bf37-a2b2-4874-bb13-96dc90d8744b/kyrie-flytrap-4-basketball-shoe-0TKwJ7.jpg
nike,mens,basketball,https://static.nike.com/a/images/c_limit,w_592,f_auto/t_product_v1/b716a328-04d8-4bd8-ad3e-771df47c473c/lebron-soldier-14-basketball-shoe-qkSRCH.jpg
nike,mens,football,https://static.nike.com/a/images/c_limit,w_592,f_auto/t_product_v1/7d412ee8-fd82-400d-ac8e-8a2255093609/vapor-edge-elite-360-obj-mens-football-cleat-40CWrT.jpg
nike,mens,football,https://static.nike.com/a/images/c_limit,w_592,f_auto/t_product_v1/e7154f29-7741-4f5a-b11c-f3bd95f24f2b/vapor-edge-pro-obj-mens-football-cleat-bMxFdj.jpg
nike,mens,football,https://static.nike.com/a/images/c_limit,w_592,f_auto/t_product_v1/e498d961-2a48-4090-a30a-cc37ac6e2e59/vapor-edge-pro-360-mens-football-cleat-HXd3nk.jpg
nike,mens,football,https://static.nike.com/a/images/c_limit,w_592,f_auto/t_product_v1/00a14bdf-79ed-40f7-bc2d-c898f0618e0f/alpha-menace-elite-2-mens-football-cleat-0m60t0.jpg
nike,mens,football,https://static.nike.com/a/images/c_limit,w_592,f_auto/t_product_v1/bc5c8648-3b31-4a8a-91ba-6d3952e93ca7/force-savage-pro-2-mens-football-cleat-mT5Thz.jpg
nike,mens,football,https://static.nike.com/a/images/c_limit,w_592,f_auto/t_product_v1/i1-e337df63-24a4-4fa3-ac82-4bb60306a3e7/force-savage-elite-2-mens-football-cleat-wqgvNJ.jpg
nike,mens,football,https://static.nike.com/a/images/c_limit,w_592,f_auto/t_product_v1/lyeri8epggntciqlwxhw/alpha-menace-elite-2-mens-football-cleat-mN0p92.jpg
nike,mens,football,https://static.nike.com/a/images/c_limit,w_592,f_auto/t_product_v1/0d7e6f60-3932-4a27-b787-24188b0a8723/vapor-edge-turf-mens-football-shoe-QJqJf1.jpg
nike,mens,football,https://static.nike.com/a/images/c_limit,w_592,f_auto/t_product_v1/4baa1075-8064-40c9-9958-df59edaf340a/custom-nike-alpha-menace-pro-2-mid-by-you-shoe.jpg
nike,mens,football,https://static.nike.com/a/images/c_limit,w_592,f_auto/t_product_v1/i1-dc624850-d981-4d63-9943-4b3accf08eb0/vapor-edge-elite-360-flyknit-mens-football-cleat-qvs9xW.jpg
nike,mens,football,https://static.nike.com/a/images/c_limit,w_592,f_auto/t_product_v1/c8fcb0e9-167c-4f2c-83a5-957dc32a3618/vapor-edge-speed-360-mens-football-cleat-7pZdnc.jpg
nike,mens,football,https://static.nike.com/a/images/c_limit,w_592,f_auto/t_product_v1/123d9e71-6c1e-4f5b-b9e0-d75235ae738c/vapor-edge-shark-mens-football-cleat-nNS5HN.jpg
nike,mens,football,https://static.nike.com/a/images/c_limit,w_592,f_auto/t_product_v1/f4825b29-16e5-4865-bed4-aa8281807a7b/custom-nike-vapor-edge-pro-by-you.jpg
nike,mens,football,https://static.nike.com/a/images/c_limit,w_592,f_auto/t_product_v1/jnayheklhwhqyoaom3ju/alpha-menace-2-shark-mens-football-cleat-wide-mc0X2D.jpg
nike,mens,football,https://static.nike.com/a/images/c_limit,w_592,f_auto/t_product_v1/i1-38497c91-ea96-4e72-af32-ce7ca6bb9244/alpha-menace-varsity-2-mens-football-cleat-hQ3czn.jpg
nike,mens,football,https://static.nike.com/a/images/c_limit,w_592,f_auto/t_product_v1/b9bca6a8-10f1-471c-b21b-757738aa4842/alpha-menace-pro-2-mid-mens-football-cleat-XFMBm2.jpg
nike,mens,football,https://static.nike.com/a/images/c_limit,w_592,f_auto/t_product_v1/i1-cf3ac76d-5fa9-4f43-8a4f-fcea77356852/force-savage-pro-2-mens-football-cleat-PHgwNl.jpg
nike,mens,football,https://static.nike.com/a/images/c_limit,w_592,f_auto/t_product_v1/lao8cjirwcf6i9uw1xnv/alpha-menace-2-shark-mens-football-cleat-Xr2mzV.jpg
nike,mens,football,https://static.nike.com/a/images/c_limit,w_592,f_auto/t_product_v1/ewof0nd4adllgq8whkv7/force-savage-pro-2-d-mens-football-cleat-K6SwHM.jpg
nike,mens,football,https://static.nike.com/a/images/c_limit,w_592,f_auto/t_product_v1/agqzfwplzhgvzqj9hb6b/force-savage-shark-2-mens-football-cleat-qKfpsT.jpg
nike,mens,football,https://static.nike.com/a/images/c_limit,w_592,f_auto/t_product_v1/ee346346-2e88-466f-b555-52c1a86052b7/jordan-10-td-mid-mens-football-cleat-TnrZL2.jpg
nike,mens,football,https://static.nike.com/a/images/c_limit,w_592,f_auto/t_product_v1/ce09544f-7e49-434c-8055-6e000fd63343/jordan-10-td-low-mens-football-cleat-Db3PKG.jpg
nike,mens,football,https://static.nike.com/a/images/c_limit,w_592,f_auto/t_product_v1/rvhu42gk26enhkgrgwsb/force-savage-shark-2-mens-football-cleat-wide-mZrnTG.jpg
nike,mens,football,https://static.nike.com/a/images/c_limit,w_592,f_auto/t_product_v1/d7b00aa3-49e3-4a20-81b5-5ddbfd1a8b07/zoom-pegasus-37-kentucky-running-shoe-9x2hNv.jpg
nike,mens,soccer,https://static.nike.com/a/images/c_limit,w_592,f_auto/t_product_v1/c7747ccc-6df6-4ffb-84f4-27b1a043ce1d/mercurial-superfly-7-elite-mds-fg-firm-ground-soccer-cleat-Xgb9Qw.jpg
nike,mens,soccer,https://static.nike.com/a/images/c_limit,w_592,f_auto/t_product_v1/c8be8d59-787b-4226-b9d1-fe584bd9902a/phantom-scorpion-elite-fg-firm-ground-soccer-cleat-V7jrd0.jpg
nike,mens,soccer,https://static.nike.com/a/images/c_limit,w_592,f_auto/t_product_v1/3e8b23f1-0603-4c25-b106-8f589271539f/phantom-scorpion-elite-dynamic-fit-fg-firm-ground-soccer-cleat-vC4KP9.jpg
nike,mens,soccer,https://static.nike.com/a/images/c_limit,w_592,f_auto/t_product_v1/26153950-2aea-4b36-a276-914a66f0d52c/custom-nike-mercurial-superfly-7-academy-by-you.jpg
nike,mens,soccer,https://static.nike.com/a/images/c_limit,w_592,f_auto/t_product_v1/3e76ad39-abdf-48da-aa82-eac4519578cc/custom-nike-mercurial-superfly-7-elite-by-you.jpg
nike,mens,soccer,https://static.nike.com/a/images/c_limit,w_592,f_auto/t_product_v1/5fc14027-6c88-4ed3-bcdf-e4e487635f92/phantom-gt-elite-dynamic-fit-fg-firm-ground-soccer-cleat-P6fLX4.jpg
nike,mens,soccer,https://static.nike.com/a/images/c_limit,w_592,f_auto/t_product_v1/b226f036-93f6-4de9-981e-88303e0cb2a3/phantom-gt-elite-fg-firm-ground-soccer-cleat-NRr9S7.jpg
nike,mens,soccer,https://static.nike.com/a/images/c_limit,w_592,f_auto/t_product_v1/bacfeb50-309e-4401-b766-635dca3aeacd/mercurial-superfly-7-pro-fg-firm-ground-soccer-cleat-64fNV6.jpg
nike,mens,soccer,https://static.nike.com/a/images/c_limit,w_592,f_auto/t_product_v1/9f59ff5f-57bb-4bbf-87c3-6bc425194d76/mercurial-vapor-13-pro-fg-firm-ground-soccer-cleat-vhNSQq.jpg
nike,mens,soccer,https://static.nike.com/a/images/c_limit,w_592,f_auto/t_product_v1/db715978-f7c2-4612-b6f6-0e25722f966d/custom-nike-phantom-gt-academy-by-you.jpg
nike,mens,soccer,https://static.nike.com/a/images/c_limit,w_592,f_auto/t_product_v1/db1ebd63-6e39-4687-b79e-d206bdf420cf/custom-nike-mercurial-vapor-13-elite-by-you.jpg
nike,mens,soccer,https://static.nike.com/a/images/c_limit,w_592,f_auto/t_product_v1/034761d4-33e9-489e-b719-01a85999e4e5/tiempo-legend-8-pro-fg-firm-ground-soccer-cleat-xn2l5X.jpg
nike,mens,soccer,https://static.nike.com/a/images/c_limit,w_592,f_auto/t_product_v1/7401318c-0cc6-4aba-8b94-66e046f3c9cd/mercurial-superfly-7-academy-mg-multi-ground-soccer-cleat-7w9w96.jpg
nike,mens,soccer,https://static.nike.com/a/images/c_limit,w_592,f_auto/t_product_v1/c8a8da43-732e-4bf3-938e-ac7efb1b3b07/tiempo-legend-8-elite-fg-firm-ground-soccer-cleat-dvVX1D.jpg
nike,mens,soccer,https://static.nike.com/a/images/c_limit,w_592,f_auto/t_product_v1/i1-5eb91e8b-f53a-4cc9-8810-e5f316000388/mercurial-vapor-13-academy-neymar-jr-mg-multi-ground-soccer-cleat-jRKr6D.jpg
nike,mens,soccer,https://static.nike.com/a/images/c_limit,w_592,f_auto/t_product_v1/4ae4029e-98fa-4db3-b9e4-419036f40ad9/phantom-gt-academy-dynamic-fit-mg-multi-ground-soccer-cleat-5g2KdL.jpg
nike,mens,soccer,https://static.nike.com/a/images/c_limit,w_592,f_auto/t_product_v1/f854b34a-23d5-4758-a87e-cf8f8636f1ed/mercurial-vapor-13-elite-tech-craft-fg-firm-ground-soccer-cleat-l38JPj.jpg
nike,mens,soccer,https://static.nike.com/a/images/c_limit,w_592,f_auto/t_product_v1/d0da382e-b9e2-4323-b933-3b5e36fae09b/tiempo-legend-8-club-mg-multi-ground-soccer-cleat-tdcZGL.jpg
nike,mens,soccer,https://static.nike.com/a/images/c_limit,w_592,f_auto/t_product_v1/7e455c83-92ba-44bb-b4e6-2e5f2de36aa2/mercurial-vapor-13-elite-fg-firm-ground-soccer-cleat-14MsF2.jpg
nike,mens,soccer,https://static.nike.com/a/images/c_limit,w_592,f_auto/t_product_v1/046cd10c-f903-4315-92c3-aa43bc74d896/mercurial-superfly-7-elite-fg-firm-ground-soccer-cleat-FQXW4j.jpg
nike,mens,soccer,https://static.nike.com/a/images/c_limit,w_592,f_auto/t_product_v1/020af774-3114-41d7-b50f-8cf8d0cec6fa/mercurial-superfly-7-elite-ag-prosoccer-cleat-qqcGcL.jpg
nike,mens,soccer,https://static.nike.com/a/images/c_limit,w_592,f_auto/t_product_v1/e1ce1d46-4799-4972-86b0-8bb30a91a4f1/mercurial-superfly-7-academy-mds-ic-indoor-court-soccer-shoe-rSdlDd.jpg
nike,mens,training&gym,https://static.nike.com/a/images/c_limit,w_592,f_auto/t_product_v1/294fecf0-bc1d-4ba6-993f-3b723bb5a730/metcon-6-mens-training-shoe-MdLCnw.jpg
nike,mens,training&gym,https://static.nike.com/a/images/c_limit,w_592,f_auto/t_product_v1/67f58212-1edb-44a0-a440-22db714aaada/free-metcon-3-mens-training-shoe-HT6hdN.jpg
nike,mens,training&gym,https://static.nike.com/a/images/c_limit,w_592,f_auto/t_product_v1/dfae28d0-2eb2-49f3-b807-7338cd7acb16/air-zoom-superrep-mens-hiit-class-shoe-ZWLnJW.jpg
nike,mens,training&gym,https://static.nike.com/a/images/c_limit,w_592,f_auto/t_product_v1/bb116245-4ffc-4ad4-9b20-56ec60083dfa/superrep-cycle-mens-indoor-cycling-shoe-bsXw1J.jpg
nike,mens,training&gym,https://static.nike.com/a/images/c_limit,w_592,f_auto/t_product_v1/f0262db0-d2a3-4e9e-925b-b8f5a73bfdb2/zoomx-superrep-surge-mens-endurance-class-shoe-gGMWRw.jpg
nike,mens,training&gym,https://static.nike.com/a/images/c_limit,w_592,f_auto/t_product_v1/801cc44a-efd5-4e66-98e3-b338e48518c3/superrep-go-mens-training-shoe-19sK4X.jpg
nike,mens,training&gym,https://static.nike.com/a/images/c_limit,w_592,f_auto/t_product_v1/dc0a2a9b-e039-4e37-9fb2-b3b42e23ea98/romaleos-4-amp-training-shoe-bGlns4.jpg
nike,mens,training&gym,https://static.nike.com/a/images/c_limit,w_592,f_auto/t_product_v1/fe640051-a929-4c6b-88d4-c0dbdbd471e6/metcon-6-amp-mens-training-shoe-D2bNGz.jpg
nike,mens,training&gym,https://static.nike.com/a/images/c_limit,w_592,f_auto/t_product_v1/b704ee07-59df-4a7e-ad69-b0e59128fa04/custom-nike-metcon-6-by-you.jpg
nike,mens,training&gym,https://static.nike.com/a/images/c_limit,w_592,f_auto/t_product_v1/9b5f4aa5-6adb-43a3-b39e-161fa1f653c3/metcon-6-x-mens-training-shoe-V2mCXS.jpg
nike,mens,training&gym,https://static.nike.com/a/images/c_limit,w_592,f_auto/t_product_v1/804a7ca2-c804-4537-a9f9-3f0e52c1c3df/metcon-6-flyease-mens-training-shoe-6TLTzk.jpg
nike,mens,training&gym,https://static.nike.com/a/images/c_limit,w_592,f_auto/t_product_v1/7d146390-81a2-4060-a684-c8f4cca1610e/air-monarch-iv-mens-training-shoe-lPtRrS.jpg
nike,mens,training&gym,https://static.nike.com/a/images/c_limit,w_592,f_auto/t_product_v1/fe1067dd-7ed1-4c7b-9bbf-a6283b7d6e85/legend-essential-2-mens-training-shoe-b2RV7x.jpg
nike,mens,training&gym,https://static.nike.com/a/images/c_limit,w_592,f_auto/t_product_v1/0b8401c6-7955-4e8d-942f-44455be1046f/renew-retaliation-tr-2-mens-training-shoe-r9T4fV.jpg
nike,mens,training&gym,https://static.nike.com/a/images/c_limit,w_592,f_auto/t_product_v1/d772bc3e-3998-476d-875a-4470ecc4e3f8/air-max-alpha-tr-3-mens-training-shoe-0C1CV7.jpg
nike,mens,training&gym,https://static.nike.com/a/images/c_limit,w_592,f_auto/t_product_v1/2d6a617e-bcbe-4f11-831b-c00f8ae566ea/air-max-alpha-savage-2-mens-training-shoe-hl4HcJ.jpg
nike,mens,training&gym,https://static.nike.com/a/images/c_limit,w_592,f_auto/t_product_v1/i1-6ec4b2ce-3331-42fd-b5a3-1d9cdb63a012/varsity-compete-tr-3-mens-training-shoe-tfHsXn.jpg
nike,mens,training&gym,https://static.nike.com/a/images/c_limit,w_592,f_auto/t_product_v1/b61a3c79-58ed-49f4-8179-7dd9aed6808a/metconsf-mens-training-shoe-xCFvSg.jpg
nike,mens,training&gym,https://static.nike.com/a/images/c_limit,w_592,f_auto/t_product_v1/dfp8fqxcydofnmn23zoh/metcon-sport-mens-training-shoe-bqcHgn.jpg
nike,mens,training&gym,https://static.nike.com/a/images/c_limit,w_592,f_auto/t_product_v1/c14a6c89-60d9-4ea5-aecc-862a85a07187/react-metcon-mens-training-shoe-1G703V.jpg
nike,mens,training&gym,https://static.nike.com/a/images/c_limit,w_592,f_auto/t_product_v1/29e7c3ac-189c-41f4-80cf-44d7edb82353/free-metcon-3-rw-mens-training-shoe-c8BDwd.jpg
nike,mens,training&gym,https://static.nike.com/a/images/c_limit,w_592,f_auto/t_product_v1/0c80ad19-937f-4d04-9390-fc688492f77b/free-metcon-3-amp-mens-training-shoe-fSbsgp.jpg
nike,mens,training&gym,https://static.nike.com/a/images/c_limit,w_592,f_auto/t_product_v1/1e930415-0848-4bb5-8c18-a15f0f964c04/romaleos-4-training-shoe-LbfmXt.jpg
nike,mens,training&gym,https://static.nike.com/a/images/c_limit,w_592,f_auto/t_product_v1/baede410-48a4-4f82-915f-915dd824574d/romaleos-4-se-training-shoe-fzhJ1C.jpg
nike,mens,skateboarding,https://static.nike.com/a/images/c_limit,w_592,f_auto/t_product_v1/b294b46c-eb78-42a4-91f1-e9030999057d/sb-zoom-blazer-mid-premium-skate-shoe-nMs52K.jpg
nike,mens,skateboarding,https://static.nike.com/a/images/c_limit,w_592,f_auto/t_product_v1/f12bb2d1-c009-4d2c-a3e2-8feabce82ffb/sb-shane-skate-shoe-5Fw4Fj.jpg
nike,mens,skateboarding,https://static.nike.com/a/images/c_limit,w_592,f_auto/t_product_v1/59821f68-8d8f-4bf9-a4a9-d5e2d14d183d/sb-bruin-react-t-skate-shoe-CQXCD3.jpg
nike,mens,skateboarding,https://static.nike.com/a/images/c_limit,w_592,f_auto/t_product_v1/03987440-191f-4061-a4ae-76e2040abace/sb-bruin-react-skate-shoe-phlCDx.jpg
nike,mens,skateboarding,https://static.nike.com/a/images/c_limit,w_592,f_auto/t_product_v1/aa73c413-9353-491c-ab05-0f71bd6738d9/sb-blazer-low-gt-skate-shoe-yKeNdm.jpg
nike,mens,skateboarding,https://static.nike.com/a/images/c_limit,w_592,f_auto/t_product_v1/fambaubeufwpravdy1xs/sb-zoom-blazer-mid-skate-shoe-qX3MZV.jpg
nike,mens,skateboarding,https://static.nike.com/a/images/c_limit,w_592,f_auto/t_product_v1/4688228a-b95b-4e49-9127-54723a205f1e/sb-nyjah-free-2-skate-shoe-DXQDzz.jpg
nike,mens,skateboarding,https://static.nike.com/a/images/c_limit,w_592,f_auto/t_product_v1/bf60129b-1967-4968-b014-99489a9d8642/sb-shane-premium-skate-shoe-ddb0HK.jpg
nike,mens,skateboarding,https://static.nike.com/a/images/c_limit,w_592,f_auto/t_product_v1/e4e5b830-1f0f-4337-a24c-752ee7552596/sb-zoom-stefan-janoski-canvas-rm-premium-skate-shoe-PlnSzV.jpg
nike,mens,skateboarding,https://static.nike.com/a/images/c_limit,w_592,f_auto/t_product_v1/bfe8cd06-fb18-442a-bdbb-5705e7da394c/sb-zoom-stefan-janoski-slip-rm-t-skate-shoe-1JtX2S.jpg
nike,mens,skateboarding,https://static.nike.com/a/images/c_limit,w_592,f_auto/t_product_v1/53a58dda-c64b-4786-a778-6f92dd043401/sb-zoom-stefan-janoski-rm-premium-skate-shoe-pgLg2X.jpg
nike,mens,skateboarding,https://static.nike.com/a/images/c_limit,w_592,f_auto/t_product_v1/i1-7bd82f40-b243-478d-8fca-589710b464b6/sb-adversary-skate-shoe-X5Dlbh.jpg
nike,mens,skateboarding,https://static.nike.com/a/images/c_limit,w_592,f_auto/t_product_v1/eehetuskipiieyvogre0/sb-zoom-stefan-janoski-canvas-rm-skate-shoe-qfDpRn.jpg
nike,mens,skateboarding,https://static.nike.com/a/images/c_limit,w_592,f_auto/t_product_v1/hmeaxs3a6wluajeighhk/sb-zoom-stefan-janoski-rm-skate-shoe-cJ66d1.jpg
nike,mens,skateboarding,https://static.nike.com/a/images/c_limit,w_592,f_auto/t_product_v1/c70a684a-0e22-4352-b3eb-a41a311881d9/sb-zoom-bruin-skate-shoe-gT8BjL.jpg
nike,mens,skateboarding,https://static.nike.com/a/images/c_limit,w_592,f_auto/t_product_v1/5145232a-c76e-499c-bced-7ad5ff8e6137/sb-gts-return-skate-shoe-RVrzg5.jpg
nike,mens,skateboarding,https://static.nike.com/a/images/c_limit,w_592,f_auto/t_product_v1/ovjswbaxx4ylrwzeblou/sb-air-max-stefan-janoski-2-skate-shoe-rXl5sq.jpg
nike,mens,skateboarding,https://static.nike.com/a/images/c_limit,w_592,f_auto/t_product_v1/eae0c331-3013-46eb-81ec-d0951043f597/custom-nike-zoom-stefan-janoski-by-you.jpg
nike,mens,skateboarding,https://static.nike.com/a/images/c_limit,w_592,f_auto/t_product_v1/45d81ab8-c3da-47c5-93b2-66eab4473f8b/sb-zoom-stefan-janoski-fl-rm-skate-shoe-mg7rC9.jpg
nike,mens,skateboarding,https://static.nike.com/a/images/c_limit,w_592,f_auto/t_product_v1/5a7c7f59-8427-4325-827b-92042dc88d7f/sb-charge-canvas-skate-shoe-80KN54.jpg
nike,mens,skateboarding,https://static.nike.com/a/images/c_limit,w_592,f_auto/t_product_v1/d6b940ae-997c-4ea2-8f35-021ed8cc10b8/sb-charge-mid-canvas-skate-shoe-gRBWDg.jpg
nike,mens,skateboarding,https://static.nike.com/a/images/c_limit,w_592,f_auto/t_product_v1/3a996e95-2671-4273-8233-42578e5ac022/sb-charge-slip-skate-shoe-XrpH2Q.jpg
nike,mens,skateboarding,https://static.nike.com/a/images/c_limit,w_592,f_auto/t_product_v1/mpbey2nca2hkzy0sof0x/sb-zoom-stefan-janoski-slip-mid-rm-skate-shoe-63mLNx.jpg
nike,mens,baseball,https://static.nike.com/a/images/c_limit,w_592,f_auto/t_product_v1/bf4235a6-efde-4e1f-ae2e-32e63ea9e2ba/alpha-huarache-elite-3-mid-premium-mens-baseball-cleat-8BxgfN.jpg
nike,mens,baseball,https://static.nike.com/a/images/c_limit,w_592,f_auto/t_product_v1/5e0815f4-382e-4b68-9782-18969fd79e52/alpha-huarache-3-varsity-low-mcs-mens-baseball-cleat-rkTmKc.jpg
nike,mens,baseball,https://static.nike.com/a/images/c_limit,w_592,f_auto/t_product_v1/28a12e09-7609-4de7-b0ab-82c62ab0c088/alpha-huarache-elite-3-low-baseball-cleat-9LX90n.jpg
nike,mens,baseball,https://static.nike.com/a/images/c_limit,w_592,f_auto/t_product_v1/e24b3f91-816c-4ad6-89e9-ff885c7aecb2/alpha-huarache-elite-3-low-baseball-cleat-Fj7KdM.jpg
nike,mens,baseball,https://static.nike.com/a/images/c_limit,w_592,f_auto/t_product_v1/d07b4e43-c664-4a76-ab91-f34457799b60/alpha-huarache-elite-3-low-baseball-cleat-DtBrs3.jpg
nike,mens,baseball,https://static.nike.com/a/images/c_limit,w_592,f_auto/t_product_v1/1d52cc0b-5d4b-4a86-91cc-9fc4247a15e2/alpha-huarache-elite-3-mid-mens-baseball-cleat-K1Jsp2.jpg
nike,mens,baseball,https://static.nike.com/a/images/c_limit,w_592,f_auto/t_product_v1/16456099-248c-4179-93bd-31d2943ef14c/lunar-vapor-ultrafly-elite-3-mens-baseball-cleat-XBxTCX.jpg
nike,mens,baseball,https://static.nike.com/a/images/c_limit,w_592,f_auto/t_product_v1/bf5ed57e-e1d1-445b-8e39-19c10dce819d/alpha-huarache-elite-3-mid-mens-baseball-cleat-Q0wgJ5.jpg
nike,mens,baseball,https://static.nike.com/a/images/c_limit,w_592,f_auto/t_product_v1/3217226d-4566-45a2-957a-045714d9d458/alpha-huarache-elite-3-turf-baseball-shoe-jPl1pw.jpg
nike,mens,baseball,https://static.nike.com/a/images/c_limit,w_592,f_auto/t_product_v1/79379b1c-6107-435f-ba41-f1048d55ef27/alpha-huarache-elite-3-low-premium-baseball-cleat-vX0MnF.jpg
nike,mens,baseball,https://static.nike.com/a/images/c_limit,w_592,f_auto/t_product_v1/8ffe3a36-aa1a-419a-abaa-8d19f5694fc0/alpha-huarache-elite-3-low-mcs-baseball-cleat-VRzD5j.jpg
nike,mens,baseball,https://static.nike.com/a/images/c_limit,w_592,f_auto/t_product_v1/4c0dd865-9763-4871-8a96-cc761682264d/alpha-huarache-elite-3-turf-baseball-shoe-6qKCXQ.jpg
nike,mens,baseball,https://static.nike.com/a/images/c_limit,w_592,f_auto/t_product_v1/65650128-cf16-4a4f-ac05-050111710387/alpha-huarache-varsity-3-turf-mens-baseball-shoe-V4Mnwx.jpg
nike,mens,baseball,https://static.nike.com/a/images/c_limit,w_592,f_auto/t_product_v1/772df7db-9fdc-4ffc-bc96-770e8b23da91/alpha-huarache-3-keystone-mens-baseball-cleat-X4BtpP.jpg
nike,mens,baseball,https://static.nike.com/a/images/c_limit,w_592,f_auto/t_product_v1/kunbubdhfoakl99qo20a/lunar-vapor-ultrafly-elite-2-mens-baseball-cleat-tpQ1k4.jpg
nike,mens,baseball,https://static.nike.com/a/images/c_limit,w_592,f_auto/t_product_v1/kovafntcfjqger4kie0g/force-zoom-trout-6-mens-baseball-cleat-Vmzj3L.jpg
nike,mens,baseball,https://static.nike.com/a/images/c_limit,w_592,f_auto/t_product_v1/cwvcuiudools3kjhpujd/vapor-ultrafly-2-keystone-mens-baseball-cleat-77L7DF.jpg
nike,mens,baseball,https://static.nike.com/a/images/c_limit,w_592,f_auto/t_product_v1/42a9471e-f37e-415e-9c3b-ffbbbd73c5ba/jordan-retro-10-mcs-low-mens-baseball-cleat-RxMjWx.jpg
nike,mens,baseball,https://static.nike.com/a/images/c_limit,w_592,f_auto/t_product_v1/36ace633-ea34-4790-8efb-600491b85d0c/jordan-retro-10-mcs-mens-baseball-cleat-d32csC.jpg
nike,mens,baseball,https://static.nike.com/a/images/c_limit,w_592,f_auto/t_product_v1/laromlagxnhlx33nrrjf/alpha-huarache-elite-2-turf-baseball-cleat-s4sTFW.jpg
nike,mens,baseball,https://static.nike.com/a/images/c_limit,w_592,f_auto/t_product_v1/07e0eec5-15ce-49d6-9381-dc477ec48560/jordan-retro-10-metal-mens-baseball-cleat-QMXPf9.jpg
nike,mens,baseball,https://static.nike.com/a/images/c_limit,w_592,f_auto/t_product_v1/fcdo8ujk20l0sjhqctkf/alpha-huarache-elite-2-turf-baseball-cleat-xL1nCL.jpg
nike,mens,baseball,https://static.nike.com/a/images/c_limit,w_592,f_auto/t_product_v1/bm3bmrrypuwqfeydejew/alpha-huarache-pro-mid-mcs-mens-baseball-cleat-ryrE4K.jpg
nike,mens,baseball,https://static.nike.com/a/images/c_limit,w_592,f_auto/t_product_v1/5404d9fc-f13f-4125-8609-76a24379d3e5/custom-nike-alpha-huarache-elite-3-low-by-you.jpg
nike,mens,golf,https://static.nike.com/a/images/c_limit,w_592,f_auto/t_product_v1/yg04crbgf1kstp6ykpa4/air-max-1-g-mens-golf-shoe-HxFKL5.jpg
nike,mens,golf,https://static.nike.com/a/images/c_limit,w_592,f_auto/t_product_v1/f095f471-8167-4bcd-ab17-6f6e0fe2c69e/roshe-g-mens-golf-shoe-xkWsZW.jpg
nike,mens,golf,https://static.nike.com/a/images/c_limit,w_592,f_auto/t_product_v1/28371848-afdc-4657-9027-5e03e673a21a/react-infinity-pro-golf-shoe-6mPZ0C.jpg
nike,mens,golf,https://static.nike.com/a/images/c_limit,w_592,f_auto/t_product_v1/1321e0a0-3538-4934-a935-0182fe7d53f5/air-zoom-infinity-tour-shield-golf-shoe-cLphJZ.jpg
nike,mens,golf,https://static.nike.com/a/images/c_limit,w_592,f_auto/t_product_v1/52387707-e557-4eff-a157-a40e0a5fb385/air-zoom-victory-tour-mens-golf-shoe-pwTh12.jpg
nike,mens,golf,https://static.nike.com/a/images/c_limit,w_592,f_auto/t_product_v1/f3e83f16-0ea2-47e3-9583-5c7aab5baecb/janoski-g-mens-golf-shoe-trQzc9.jpg
nike,mens,golf,https://static.nike.com/a/images/c_limit,w_592,f_auto/t_product_v1/a9d24787-1756-4621-a2b1-9537a6d16a3b/air-zoom-infinity-tour-nrg-golf-shoe-VQvJ9M.jpg
nike,mens,golf,https://static.nike.com/a/images/c_limit,w_592,f_auto/t_product_v1/vsr2cc2nwyzmmi8ksckn/roshe-g-tour-mens-golf-shoe-lWnq54.jpg
nike,mens,golf,https://static.nike.com/a/images/c_limit,w_592,f_auto/t_product_v1/80cb3e5b-0cfe-4244-b521-0794fc51a463/air-max-1-g-nrg-mens-golf-shoe-99hbnP.jpg
nike,mens,golf,https://static.nike.com/a/images/c_limit,w_592,f_auto/t_product_v1/dbca6396-3d32-40b4-8003-e0dd5a8a1341/roshe-g-tour-nrg-mens-golf-shoe-8ws09v.jpg
nike,mens,golf,https://static.nike.com/a/images/c_limit,w_592,f_auto/t_product_v1/ztmlbqfmt7hvfe4zs7ef/jordan-adg-mens-golf-shoe-cBvqvQ.jpg
nike,mens,golf,https://static.nike.com/a/images/c_limit,w_592,f_auto/t_product_v1/9ec9b29e-79d7-48cf-b47f-971ba05e78f5/air-zoom-victory-tour-nrg-mens-golf-shoe-dpfpDV.jpg
nike,mens,golf,https://static.nike.com/a/images/c_limit,w_592,f_auto/t_product_v1/be6035fc-9a32-4e15-9f10-143db2d60ed6/air-zoom-infinity-tour-golf-shoe-d6B7Jt.jpg
nike,mens,golf,https://static.nike.com/a/images/c_limit,w_592,f_auto/t_product_v1/76011aa1-263c-48da-93f2-edd5b873524f/react-infinity-pro-golf-shoe-wide-fPmm2x.jpg
nike,mens,golf,https://static.nike.com/a/images/c_limit,w_592,f_auto/t_product_v1/ab311795-5c5b-407c-bfa3-d5831ffa6446/jordan-adg-2-mens-golf-shoe-lcbnnm.jpg
nike,mens,golf,https://static.nike.com/a/images/c_limit,w_592,f_auto/t_product_v1/a65e9688-6cef-43d9-8c62-b7982f31191d/air-zoom-victory-tour-nrg-golf-shoe-Nt8NLs.jpg
nike,mens,golf,https://static.nike.com/a/images/c_limit,w_592,f_auto/t_product_v1/a6goust5ajjfyadav28b/air-zoom-victory-tour-mens-golf-shoe-wide-Dn0n7M.jpg
nike,mens,tennis,https://static.nike.com/a/images/c_limit,w_592,f_auto/t_product_v1/1e10ba95-ed47-457d-a0c9-6ccc87b32838/nikecourt-air-max-volley-mens-hard-court-tennis-shoe-cStf80.jpg
nike,mens,tennis,https://static.nike.com/a/images/c_limit,w_592,f_auto/t_product_v1/ebc83d44-e8a6-494f-9fc4-c98656d70924/nikecourt-air-zoom-vapor-x-knit-mens-hard-court-tennis-shoe-KT8X3C.jpg
nike,mens,tennis,https://static.nike.com/a/images/c_limit,w_592,f_auto/t_product_v1/8c147646-47cc-44a4-bbaa-7b42d1e289f5/nikecourt-air-zoom-gp-turbo-mens-hard-court-tennis-shoe-1hgx7C.jpg
nike,mens,tennis,https://static.nike.com/a/images/c_limit,w_592,f_auto/t_product_v1/f03bc30b-5555-4cf7-a5bb-c28b69e3239c/nikecourt-air-zoom-vapor-cage-4-mens-hard-court-tennis-shoe-gj2d2f.jpg
nike,mens,tennis,https://static.nike.com/a/images/c_limit,w_592,f_auto/t_product_v1/acfeefe9-ce31-4fb6-b837-38507582edc0/nikecourt-air-zoom-vapor-cage-4-mens-hard-court-tennis-shoe-DHsDCM.jpg
nike,mens,tennis,https://static.nike.com/a/images/c_limit,w_592,f_auto/t_product_v1/2d8643b8-c222-4e7f-9af6-bd5265d4bb3a/nikecourt-air-max-vapor-wing-premium-mens-tennis-shoe-Ll2RTZ.jpg
nike,mens,tennis,https://static.nike.com/a/images/c_limit,w_592,f_auto/t_product_v1/28ecdc8d-01f8-4759-8aed-8b5e7cc7f8a6/nikecourt-tech-challenge-20-mens-tennis-shoe-jh124m.jpg
nike,mens,tennis,https://static.nike.com/a/images/c_limit,w_592,f_auto/t_product_v1/b9ac5fcd-38b6-46f6-bc3e-ece21cc3fbe0/nikecourt-lite-2-mens-hard-court-tennis-shoe-PbnfMT.jpg
nike,mens,tennis,https://static.nike.com/a/images/c_limit,w_592,f_auto/t_product_v1/9e19d716-d015-462a-916e-fd14d1fb536f/nikecourt-air-zoom-vapor-x-mens-hard-court-tennis-shoe-pK2RFq.jpg
nike,mens,tennis,https://static.nike.com/a/images/c_limit,w_592,f_auto/t_product_v1/f96122e6-fce3-478f-bae2-971c3a3a5f79/nikecourt-air-max-vapor-wing-ms-mens-multi-surface-tennis-shoe-s4bDtf.jpg
nike,mens,tennis,https://static.nike.com/a/images/c_limit,w_592,f_auto/t_product_v1/ed5ecfc1-98ba-46af-af7a-bb5c8dcc1943/nikecourt-air-zoom-prestige-mens-tennis-shoe-vY8981.jpg
nike,mens,tennis,https://static.nike.com/a/images/c_limit,w_592,f_auto/t_product_v1/796d6969-0a11-4e2f-a971-43c6c82bcc8a/nikecourt-air-zoom-zero-mens-tennis-shoe-nHMRHN.jpg
nike,mens,tennis,https://static.nike.com/a/images/c_limit,w_592,f_auto/t_product_v1/6e60d68e-7aad-4a83-81f9-763ad9d1dbfd/nikecourt-air-max-wildcard-mens-tennis-shoe-p9NhX7.jpg
nike,mens,track&field,https://static.nike.com/a/images/c_limit,w_592,f_auto/t_product_v1/03e7c50b-233a-4d6c-aac8-e7676d958b2e/zoom-matumbo-3-racing-spike-3oDYmx.jpg
nike,mens,track&field,https://static.nike.com/a/images/c_limit,w_592,f_auto/t_product_v1/hrbohcrqglqaezptfngl/zoom-d-track-spike-Yd1dPR.jpg
nike,mens,track&field,https://static.nike.com/a/images/c_limit,w_592,f_auto/t_product_v1/i1-0a028af1-5e2e-4c4b-bc0b-258638ff03a0/zoom-rival-waffle-2019-unisex-racing-shoe-ZBZ92c.jpg
nike,mens,track&field,https://static.nike.com/a/images/c_limit,w_592,f_auto/t_product_v1/jkzv6n7g0tsj2wkuo14z/air-zoom-pegasus-35-mens-running-shoe-kX9NZL.jpg
nike,mens,track&field,https://static.nike.com/a/images/c_limit,w_592,f_auto/t_product_v1/riv9ix2qrmbblwggzyp3/zoom-victory-3-racing-shoe-dPT0Drzl.jpg
nike,mens,track&field,https://static.nike.com/a/images/c_limit,w_592,f_auto/t_product_v1/69f40743-4ea9-4f10-8d51-1c8726fd8c30/zoom-victory-elite-2-racing-spike-MkTmY1M1.jpg
nike,mens,track&field,https://static.nike.com/a/images/c_limit,w_592,f_auto/t_product_v1/kwx7sdxaistpggt7ed1l/air-zoom-pegasus-36-mens-running-shoe-extra-wide-D24Mcz.jpg
nike,mens,track&field,https://static.nike.com/a/images/c_limit,w_592,f_auto/t_product_v1/68f8caff-3272-4bfb-b585-1e57dbe67b13/zoom-fly-3-mens-running-shoe-XhzpPH.jpg
nike,mens,track&field,https://static.nike.com/a/images/c_limit,w_592,f_auto/t_product_v1/ulwzdsajiryepcrvbadz/air-zoom-pegasus-34-mens-running-shoe-5XqC72.jpg
nike,mens,track&field,https://static.nike.com/a/images/c_limit,w_592,f_auto/t_product_v1/i1-c3ea1f83-3dc2-4cc5-8a33-76f3b561cda3/zoom-rival-xc-2019-unisex-track-spike-HKMbMG.jpg
nike,mens,track&field,https://static.nike.com/a/images/c_limit,w_592,f_auto/t_product_v1/0ceeb652-fc05-44c7-b10c-b5472aa0662c/zoom-victory-waffle-5-racer-shoe-X6j0jx.jpg
nike,mens,track&field,https://static.nike.com/a/images/c_limit,w_592,f_auto/t_product_v1/i1-5b659e5c-f77b-414a-86c9-7933c825233a/zoom-victory-5-xc-racing-spike-BbCbrq.jpg
nike,mens,track&field,https://static.nike.com/a/images/c_limit,w_592,f_auto/t_product_v1/hl54gqmzngajkfpft8yj/triple-jump-elite-unisex-jumping-spike-NkgqNb.jpg
nike,mens,track&field,https://static.nike.com/a/images/c_limit,w_592,f_auto/t_product_v1/tyjjkky6bn19mjsmkt14/zoom-rotational-6-unisex-throwing-shoe-kgbYp9.jpg
nike,mens,walking,https://static.nike.com/a/images/c_limit,w_592,f_auto/t_product_v1/ea558b9b-9bc0-42bc-939e-2cc4c6c2f5c3/cruzrone-unisex-shoe-T2rRwS.jpg
nike,mens,walking,https://static.nike.com/a/images/c_limit,w_592,f_auto/t_product_v1/i1-a4b56440-9d2b-44a5-b8cf-c97a05147833/joyride-run-flyknit-mens-running-shoe-PjmR5M.jpg
nike,mens,walking,https://static.nike.com/a/images/c_limit,w_592,f_auto/t_product_v1/cf411379-5682-4295-83f6-a4630c313216/joyride-dual-run-mens-running-shoe-Gvfp81.jpg
nike,mens,walking,https://static.nike.com/a/images/c_limit,w_592,f_auto/t_product_v1/i1-9f6dcf6a-74f9-495e-863c-8461d894f83f/react-miler-mens-running-shoe-DgF6nr.jpg
nike,mens,walking,https://static.nike.com/a/images/c_limit,w_592,f_auto/t_product_v1/7203f49c-8549-4834-84c9-a68b91e288bf/renew-run-mens-running-shoe-xdx3PD.jpg
nike,mens,walking,https://static.nike.com/a/images/c_limit,w_592,f_auto/t_product_v1/cde9966e-72a8-4b66-968d-b1043bdbe230/juniper-trail-mens-trail-shoe-MCKdXS.jpg
nike,mens,walking,https://static.nike.com/a/images/c_limit,w_592,f_auto/t_product_v1/6b58382f-8196-46a8-89e7-90a65726db5d/air-zoom-pegasus-37-mens-running-shoe-72dblL.jpg
nike,mens,walking,https://static.nike.com/a/images/c_limit,w_592,f_auto/t_product_v1/fd600594-b997-41a0-81b1-46e1e522ef01/revolution-5-special-edition-mens-running-shoe-cWpB0s.jpg
nike,womens,lifestyle,https://static.nike.com/a/images/c_limit,w_592,f_auto/t_product_v1/5430446d-d0da-4d13-95e8-a5d0dd773304/air-force-1-shadow-se-womens-shoe-sWkWmK.jpg
nike,womens,lifestyle,https://static.nike.com/a/images/c_limit,w_592,f_auto/t_product_v1/797ce341-b27a-42b4-aa17-4cabcbfee14a/air-max-90-premium-womens-shoe-F2W2MJ.jpg
nike,womens,lifestyle,https://static.nike.com/a/images/c_limit,w_592,f_auto/t_product_v1/b3ef7a0e-3545-4f88-9153-59ac40db452d/air-max-270-womens-shoe-Pgb94t.jpg
nike,womens,lifestyle,https://static.nike.com/a/images/c_limit,w_592,f_auto/t_product_v1/i7waeuul6ukvvdiowsqj/air-vapormax-flyknit-3-womens-shoe-ZHCbvC.jpg
nike,womens,lifestyle,https://static.nike.com/a/images/c_limit,w_592,f_auto/t_product_v1/18568bf2-023d-4940-ae14-9e1fe7a5dd37/air-force-1-pixel-womens-shoe-gh10GN.jpg
nike,womens,lifestyle,https://static.nike.com/a/images/c_limit,w_592,f_auto/t_product_v1/i1-2592edc3-bdf6-4e1f-a87b-8ca1d1e036c0/air-max-97-womens-shoe-XD9m01.jpg
nike,womens,lifestyle,https://static.nike.com/a/images/c_limit,w_592,f_auto/t_product_v1/2458f73e-78c0-433e-8eee-b1379d43fe12/blazer-mid-77-se-womens-shoe-MbVGjH.jpg
nike,womens,lifestyle,https://static.nike.com/a/images/c_limit,w_592,f_auto/t_product_v1/i1-e6afc75b-b69d-4a4e-9084-b501f914f62d/air-force-1-07-womens-shoe-KyTwDPGG.jpg
nike,womens,lifestyle,https://static.nike.com/a/images/c_limit,w_592,f_auto/t_product_v1/f7e6fa9c-17b3-4b4c-b638-d379842dce60/daybreak-womens-shoe-gB1tHp.jpg
nike,womens,lifestyle,https://static.nike.com/a/images/c_limit,w_592,f_auto/t_product_v1/b9bdf5fb-d67a-49ab-97d1-49d4c7b0e112/air-force-1-shadow-womens-shoe-kTgn9J.jpg
nike,womens,lifestyle,https://static.nike.com/a/images/c_limit,w_592,f_auto/t_product_v1/97438932-10b3-4fd9-8b03-24fe94ce8b03/blazer-mid-77-vintage-womens-shoe-25h71W.jpg
nike,womens,lifestyle,https://static.nike.com/a/images/c_limit,w_592,f_auto/t_product_v1/4f22b374-94fa-42f3-8c18-51eed7100b4a/air-max-verona-womens-shoe-JF64LJ.jpg
nike,womens,lifestyle,https://static.nike.com/a/images/c_limit,w_592,f_auto/t_product_v1/0e33442f-86a8-416d-bd6e-cb009d0290a5/air-max-up-womens-shoe-bL7qtj.jpg
nike,womens,lifestyle,https://static.nike.com/a/images/c_limit,w_592,f_auto/t_product_v1/250f1f74-e54b-4380-b9a3-a4f92521186c/waffle-racer-crater-womens-shoe-6MvdVq.jpg
nike,womens,lifestyle,https://static.nike.com/a/images/c_limit,w_592,f_auto/t_product_v1/5f38198c-561b-4a5b-b974-26ad082490b9/air-force-1-07-lx-womens-shoe-tjqgzL.jpg
nike,womens,lifestyle,https://static.nike.com/a/images/c_limit,w_592,f_auto/t_product_v1/c6bed188-e186-43ef-bc41-4466193c9e16/air-max-2090-womens-shoe-nk9ZbX.jpg
nike,womens,lifestyle,https://static.nike.com/a/images/c_limit,w_592,f_auto/t_product_v1/2d992fad-7857-4222-9338-ff1ec590fced/tc-7900-lx-3mâ„¢-womens-shoe-SgrkqS.jpg
nike,womens,lifestyle,https://static.nike.com/a/images/c_limit,w_592,f_auto/t_product_v1/89eaef0f-3742-4e83-8b09-f4c8f5d3f7ef/air-vapormax-plus-womens-shoe-xbt7zf.jpg
nike,womens,lifestyle,https://static.nike.com/a/images/c_limit,w_592,f_auto/t_product_v1/pfuxaajxqlm4plydjcaa/air-force-1-sage-low-womens-shoe-CprflJ.jpg
nike,womens,lifestyle,https://static.nike.com/a/images/c_limit,w_592,f_auto/t_product_v1/15a06157-70dc-439c-84a1-d52ee9436521/air-vapormax-360-womens-shoe-fQ3DBk.jpg
nike,womens,lifestyle,https://static.nike.com/a/images/c_limit,w_592,f_auto/t_product_v1/22c5dbc9-d157-48a0-a15a-d64a4b093063/blazer-mid-77-infinite-womens-shoe-rl8L8B.jpg
nike,womens,lifestyle,https://static.nike.com/a/images/c_limit,w_592,f_auto/t_product_v1/39c989ac-dde5-4743-84a7-93bee5541732/air-max-90-womens-shoe-g5nqKN.jpg
nike,womens,lifestyle,https://static.nike.com/a/images/c_limit,w_592,f_auto/t_product_v1/8003dbe8-2e85-48ee-aa8a-c0eff3ea7688/air-max-2090-twist-womens-shoe-878ZF6.jpg
nike,womens,running,https://static.nike.com/a/images/c_limit,w_592,f_auto/t_product_v1/5438d49b-250e-4d01-bf85-a8ad353e889a/air-zoom-pegasus-37-womens-running-shoe-Jl0bDf.jpg
nike,womens,running,https://static.nike.com/a/images/c_limit,w_592,f_auto/t_product_v1/36b5f1a4-c136-484e-a866-71cbe2bd56bc/pegasus-trail-2-gore-tex-womens-trail-running-shoe-lhj8Xd.jpg
nike,womens,running,https://static.nike.com/a/images/c_limit,w_592,f_auto/t_product_v1/5c7a7006-daa7-4e60-b26b-73463fc81619/react-infinity-run-flyknit-womens-running-shoe-c54NMG.jpg
nike,womens,running,https://static.nike.com/a/images/c_limit,w_592,f_auto/t_product_v1/fb5042e5-30bd-450e-a81e-8198a37d1ebf/air-zoom-tempo-next-womens-running-shoe-ZWMnV0.jpg
nike,womens,running,https://static.nike.com/a/images/c_limit,w_592,f_auto/t_product_v1/04d94305-b944-44d2-8787-2500633f76c8/revolution-5-womens-running-shoe-hC41Vf.jpg
nike,womens,running,https://static.nike.com/a/images/c_limit,w_592,f_auto/t_product_v1/a73b8138-2c20-4dd5-bfc0-ab12e43bba48/pegasus-trail-2-womens-trail-running-shoe-JNVF2M.jpg
nike,womens,running,https://static.nike.com/a/images/c_limit,w_592,f_auto/t_product_v1/3cda2390-fefc-45e5-9670-a5595d435e67/wildhorse-6-womens-trail-running-shoe-jJXN1F.jpg
nike,womens,running,https://static.nike.com/a/images/c_limit,w_592,f_auto/t_product_v1/a2eb260d-530a-4416-84ec-23c6c4d771ff/air-zoom-alphafly-next-eliud-kipchoge-womens-racing-shoe-c2ct5X.jpg
nike,womens,running,https://static.nike.com/a/images/c_limit,w_592,f_auto/t_product_v1/6b6b1b99-f0c6-4cd5-a312-3b3a284473bc/air-zoom-alphafly-next-womens-racing-shoe-kG0K45.jpg
nike,womens,running,https://static.nike.com/a/images/c_limit,w_592,f_auto/t_product_v1/i1-1f47ff4b-e9a1-4cd1-9693-be9cbd430fb0/zoom-pegasus-turbo-2-womens-running-shoe-lBb48K.jpg
nike,womens,running,https://static.nike.com/a/images/c_limit,w_592,f_auto/t_product_v1/hiyyahatbonso7wiosvv/air-zoom-pegasus-36-womens-running-shoe-ksw5Hx.jpg
nike,womens,running,https://static.nike.com/a/images/c_limit,w_592,f_auto/t_product_v1/2b003f45-d82b-43d5-93f8-05279b6d1503/air-max-thea-womens-shoe-4AZW02.jpg
nike,womens,running,https://static.nike.com/a/images/c_limit,w_592,f_auto/t_product_v1/dcfa38b8-c406-4724-aacb-586616beb07b/air-max-sequent-45-womens-shoe-9w35Pv.jpg
nike,womens,running,https://static.nike.com/a/images/c_limit,w_592,f_auto/t_product_v1/i1-81c38c55-d922-4535-adbe-484ef0a09643/joyride-run-flyknit-womens-running-shoe-HcfnJd.jpg
nike,womens,running,https://static.nike.com/a/images/c_limit,w_592,f_auto/t_product_v1/i1-6932a328-be22-4626-ac4f-327d22fd0126/joyride-dual-run-running-shoe-Gvfp81.jpg
nike,womens,running,https://static.nike.com/a/images/c_limit,w_592,f_auto/t_product_v1/qq8fozjtteza4gj9avbz/air-zoom-pegasus-36-shield-womens-running-shoe-jSB7D5.jpg
nike,womens,running,https://static.nike.com/a/images/c_limit,w_592,f_auto/t_product_v1/vfr34zc0atqjrdp6ks5t/odyssey-react-shield-2-womens-running-shoe-Clnr84.jpg
nike,womens,running,https://static.nike.com/a/images/c_limit,w_592,f_auto/t_product_v1/absbxb9dfuf9lyyykhal/run-swift-womens-running-shoe-p32GgP.jpg
nike,womens,running,https://static.nike.com/a/images/c_limit,w_592,f_auto/t_product_v1/i1-bae3fa3f-3e76-4bd9-a607-71bdc0c04356/air-zoom-wio-7-womens-running-shoe-16bfpz.jpg
nike,womens,running,https://static.nike.com/a/images/c_limit,w_592,f_auto/t_product_v1/92fa2e5a-c587-481f-9079-6a2ad9ede3a5/revolution-5-flyease-womens-running-shoe-nL89Zb.jpg
nike,womens,running,https://static.nike.com/a/images/c_limit,w_592,f_auto/t_product_v1/xtmrw4ubyy3bx3jzl9sn/free-rn-5-womens-running-shoe-0PFsLM.jpg
nike,womens,basketball,https://static.nike.com/a/images/c_limit,w_592,f_auto/t_product_v1/22793d2f-a225-4f52-b9eb-9aaa99433e8c/kyrie-7-sisterhood-basketball-shoe-5Kj9Lr.jpg
nike,womens,basketball,https://static.nike.com/a/images/c_limit,w_592,f_auto/t_product_v1/22185835-d6d0-4da2-8bd0-6f5be4e4ab42/lebron-17-low-basketball-shoe-fHcqqM.jpg
nike,womens,basketball,https://static.nike.com/a/images/c_limit,w_592,f_auto/t_product_v1/i1-dce329fa-a597-42ea-a039-5204f6cd6471/mamba-fury-basketball-shoe-TRrchD.jpg
nike,womens,basketball,https://static.nike.com/a/images/c_limit,w_592,f_auto/t_product_v1/c3e24cae-945e-4380-a10d-12e79efb65fe/kybrid-s2-best-of-basketball-shoe-LjMCLj.jpg
nike,womens,basketball,https://static.nike.com/a/images/c_limit,w_592,f_auto/t_product_v1/587c04d5-250c-45fc-b372-3f4120464a46/zoom-freak-1-all-bros-4-ge-basketball-shoe-WKVn8F.jpg
nike,womens,basketball,https://static.nike.com/a/images/c_limit,w_592,f_auto/t_product_v1/c775a5d6-ba9b-425b-a494-89cb98bf381d/kd13-funk-ge-basketball-shoe-kbKpNV.jpg
nike,womens,basketball,https://static.nike.com/a/images/c_limit,w_592,f_auto/t_product_v1/4b3be7a0-2722-48a0-a339-2d364dbc4c5c/pg-4-digi-camo-ge-basketball-shoe-Sj6pxV.jpg
nike,womens,basketball,https://static.nike.com/a/images/c_limit,w_592,f_auto/t_product_v1/8b5fc74b-e077-4c06-9c3e-5bf93b291f81/custom-kyrie-7-by-you.jpg
nike,womens,training&gym,https://static.nike.com/a/images/c_limit,w_592,f_auto/t_product_v1/e1b0e675-0297-4318-875c-84f07bc506df/free-metcon-3-womens-training-shoe-mrrbn6.jpg
nike,womens,training&gym,https://static.nike.com/a/images/c_limit,w_592,f_auto/t_product_v1/0592afd6-80f5-45ae-956b-03e1a56e7052/metcon-6-womens-training-shoe-Fnbqj3.jpg
nike,womens,training&gym,https://static.nike.com/a/images/c_limit,w_592,f_auto/t_product_v1/d57c1400-5387-46fa-8e10-078c533c38c4/superrep-go-womens-training-shoe-fxNDMx.jpg
nike,womens,training&gym,https://static.nike.com/a/images/c_limit,w_592,f_auto/t_product_v1/79acdf14-51bf-409a-9c4f-b30f05113307/superrep-cycle-womens-indoor-cycling-shoe-tMMfR6.jpg
nike,womens,training&gym,https://static.nike.com/a/images/c_limit,w_592,f_auto/t_product_v1/c7af7494-b974-4bcf-9b1e-02ad3e27ac12/renew-in-season-tr-10-womens-training-shoe-rV5XZ4.jpg
nike,womens,training&gym,https://static.nike.com/a/images/c_limit,w_592,f_auto/t_product_v1/74623394-5112-44fa-91f2-bc5c8820a138/air-zoom-superrep-premium-womens-hiit-class-shoe-9BGJQ1.jpg
nike,womens,training&gym,https://static.nike.com/a/images/c_limit,w_592,f_auto/t_product_v1/i1-f2011438-2a7c-419a-9154-cc3aa4657b80/metcon-5-womens-training-shoe-2xvQ6H.jpg
nike,womens,training&gym,https://static.nike.com/a/images/c_limit,w_592,f_auto/t_product_v1/i1-7232a859-6a4f-455d-bc6c-3744aaa7852d/metcon-5-premium-womens-training-shoe-0nRwgF.jpg
nike,womens,training&gym,https://static.nike.com/a/images/c_limit,w_592,f_auto/t_product_v1/vn88xnklfobdbqgnphzu/free-tr8-womens-gym-hiit-cross-training-shoe-9O38Er.jpg
nike,womens,training&gym,https://static.nike.com/a/images/c_limit,w_592,f_auto/t_product_v1/hilzlkdi8zxczletr0zv/metcon-flyknit-3-womens-cross-training-weightlifting-shoe-Q7klgB.jpg
nike,womens,training&gym,https://static.nike.com/a/images/c_limit,w_592,f_auto/t_product_v1/mozej27mh4z3k7pbhvyv/metcon-4-xd-womens-cross-training-weightlifting-shoe-bcV2xC.jpg
nike,womens,training&gym,https://static.nike.com/a/images/c_limit,w_592,f_auto/t_product_v1/vfm1imlh8omeka14uxj7/flex-tr-9-womens-training-shoe-p8xxrj.jpg
nike,womens,training&gym,https://static.nike.com/a/images/c_limit,w_592,f_auto/t_product_v1/75b617aa-fe7d-4a77-84ee-38d970bc7af0/metcon-6-x-womens-training-shoe-H1Kc28.jpg
nike,womens,training&gym,https://static.nike.com/a/images/c_limit,w_592,f_auto/t_product_v1/i1-37b7de6d-a1e3-4f8a-b92b-1a5dbbac6617/air-max-bella-tr-3-amp-womens-training-shoe-NMTTnM.jpg
nike,womens,training&gym,https://static.nike.com/a/images/c_limit,w_592,f_auto/t_product_v1/nggiqwdpkbrsfkrrczwd/zoom-hyperace-2-womens-volleyball-shoe-KlrjdK.jpg
nike,womens,training&gym,https://static.nike.com/a/images/c_limit,w_592,f_auto/t_product_v1/33744ff4-078c-4f49-b9d6-ae8742a1e872/metcon-5-amp-womens-training-shoe-L2x7ql.jpg
nike,womens,training&gym,https://static.nike.com/a/images/c_limit,w_592,f_auto/t_product_v1/aa45a1ae-52e9-4d4f-a8f5-21bdc74c12ba/metcon-6-amp-womens-training-shoe-NNpjkD.jpg
nike,womens,training&gym,https://static.nike.com/a/images/c_limit,w_592,f_auto/t_product_v1/gnk9m9ad5c7nhsav5ai3/air-max-bella-tr-2-womens-training-shoe-GT0PnR.jpg
nike,womens,training&gym,https://static.nike.com/a/images/c_limit,w_592,f_auto/t_product_v1/3cc18ae7-b5ae-4942-873d-eff17bfa82a1/air-max-bella-tr-3-premium-womens-training-shoe-rnTqqc.jpg
nike,womens,training&gym,https://static.nike.com/a/images/c_limit,w_592,f_auto/t_product_v1/ff6bec01-c8f4-42b1-a33b-cb089f13ce60/renew-in-season-tr-10-premium-womens-training-shoe-K6tRGM.jpg
nike,womens,training&gym,https://static.nike.com/a/images/c_limit,w_592,f_auto/t_product_v1/i1-de6bc64d-3bbe-434a-9073-751c3b5edd15/air-max-bella-tr-3-womens-training-shoe-fl5g5G.jpg
nike,womens,training&gym,https://static.nike.com/a/images/c_limit,w_592,f_auto/t_product_v1/17dc003c-3dbe-4e3d-a4fd-0075ba869f04/in-season-tr-8-womens-training-shoe-HZBQ80.jpg
nike,womens,training&gym,https://static.nike.com/a/images/c_limit,w_592,f_auto/t_product_v1/5b4b0a5c-3bcb-48a2-832e-1d9d4499d880/hyperspeed-court-womens-volleyball-shoe-QRGvK1.jpg
nike,womens,jordan,https://static.nike.com/a/images/c_limit,w_592,f_auto/t_product_v1/0cd26c2b-b5ce-45a1-98b9-f72323de8567/air-jordan-1-mid-se-womens-shoe-9gHvZR.jpg
nike,womens,jordan,https://static.nike.com/a/images/c_limit,w_592,f_auto/t_product_v1/i1-23777cb9-6e3f-4880-9214-d47d8a5e9994/air-jordan-1-low-womens-shoe-Bb77Wn.jpg
nike,womens,jordan,https://static.nike.com/a/images/c_limit,w_592,f_auto/t_product_v1/cde962f4-067f-4a02-a95c-376da008ce19/jordan-delta-womens-shoe-6S5tNF.jpg
nike,womens,jordan,https://static.nike.com/a/images/c_limit,w_592,f_auto/t_product_v1/d7922247-5f02-4684-8639-fccff01390c7/jordan-zoom-92-womens-shoe-6CJ10n.jpg
nike,womens,jordan,https://static.nike.com/a/images/c_limit,w_592,f_auto/t_product_v1/3cf44e80-40fe-431a-ac2d-060198cba393/jordan-air-cadence-womens-shoe-8tMpJt.jpg
nike,womens,jordan,https://static.nike.com/a/images/c_limit,w_592,f_auto/t_product_v1/i1-0753eb34-d228-4017-8726-6b388ab88b43/air-jordan-2-retro-womens-shoe-sV9b1L.jpg
nike,womens,jordan,https://static.nike.com/a/images/c_limit,w_592,f_auto/t_product_v1/7bee688b-bc5b-4b87-a54b-6c1e830123fb/air-jordan-og-womens-shoe-6JW206.jpg
nike,womens,jordan,https://static.nike.com/a/images/c_limit,w_592,f_auto/t_product_v1/i1-00885643-82e2-4165-9d13-426387b11a66/air-jordan-og-womens-shoe-4c5d1t.jpg
nike,womens,jordan,https://static.nike.com/a/images/c_limit,w_592,f_auto/t_product_v1/8fba2c0f-fa8d-4576-ae99-10e1facafe4e/jordan-delta-breathe-womens-shoe-mJGXw6.jpg
nike,womens,jordan,https://static.nike.com/a/images/c_limit,w_592,f_auto/t_product_v1/i1-60e0f06c-a085-4295-8d74-21408ca799e7/air-jordan-1-low-se-shoe-nXwv4t.jpg
nike,womens,jordan,https://static.nike.com/a/images/c_limit,w_592,f_auto/t_product_v1/txjohuj6fdnltajxw1dm/air-jordan-1-high-zip-utility-womens-shoe-lDgdzk.jpg
nike,womens,jordan,https://static.nike.com/a/images/c_limit,w_592,f_auto/t_product_v1/a4yojjbi9vdxoimhrxgc/air-jordan-future-womens-shoe-3tXWRS.jpg
nike,womens,skateboarding,https://static.nike.com/a/images/c_limit,w_592,f_auto/t_product_v1/pn6kxw0r34dwpa8egxds/sb-zoom-stefan-janoski-canvas-premium-mens-skateboarding-shoe-MGT1Z1.jpg
nike,womens,softball,https://static.nike.com/a/images/c_limit,w_592,f_auto/t_product_v1/ui75szywhypxaeclvcxd/alpha-huarache-elite-2-low-womens-softball-cleat-7B7Fh6.jpg
nike,womens,softball,https://static.nike.com/a/images/c_limit,w_592,f_auto/t_product_v1/neqhdzfhyn3qaobqgpx9/hyperdiamond-3-keystone-womens-softball-cleat-8FXHz7.jpg
nike,womens,softball,https://static.nike.com/a/images/c_limit,w_592,f_auto/t_product_v1/a2dcf2d3-c69a-417e-a7db-c046d12ffc80/zoom-hyperdiamond-3-elite-cs-womens-softball-cleat-VHHZ3G.jpg
nike,womens,softball,https://static.nike.com/a/images/c_limit,w_592,f_auto/t_product_v1/3052107a-177e-4513-8443-81c4d7d00118/custom-nike-alpha-huarache-elite-3-mid-by-you.jpg
nike,womens,softball,https://static.nike.com/a/images/c_limit,w_592,f_auto/t_product_v1/i1-be51534b-f662-4f0a-9f41-76efd7263f84/alpha-huarache-elite-2-turf-womens-softball-shoe-qT9K1d.jpg
nike,womens,softball,https://static.nike.com/a/images/c_limit,w_592,f_auto/t_product_v1/5880bd76-2af9-4942-91a8-b9362af91631/lunar-hyperdiamond-3-pro-womens-softball-cleat-fCgcpn.jpg
nike,womens,softball,https://static.nike.com/a/images/c_limit,w_592,f_auto/t_product_v1/e987b5ed-ded9-43c2-9797-2c94ae96ff97/alpha-huarache-elite-3-turf-womens-softball-shoe-2RNm0R.jpg
nike,womens,softball,https://static.nike.com/a/images/c_limit,w_592,f_auto/t_product_v1/i1-0f2a0569-870c-452c-9ec8-6b8c2b1415e9/zoom-hyperdiamond-3-elite-cs-womens-softball-cleat-2vFmjg.jpg
nike,womens,softball,https://static.nike.com/a/images/c_limit,w_592,f_auto/t_product_v1/k8taihk3xqzk4ceyxh5n/alpha-huarache-elite-2-low-baseball-cleat-W1Bxmm.jpg
nike,womens,softball,https://static.nike.com/a/images/c_limit,w_592,f_auto/t_product_v1/j84jfzacjntww9exrg3h/lunar-hyperdiamond-3-varsity-mcs-womens-softball-cleat-mnNK9L.jpg
nike,womens,softball,https://static.nike.com/a/images/c_limit,w_592,f_auto/t_product_v1/tk88vnhs6mznkfjvtvim/lunar-hyperdiamond-3-varsity-womens-softball-cleat-JsfX67.jpg
nike,womens,softball,https://static.nike.com/a/images/c_limit,w_592,f_auto/t_product_v1/1d838472-d678-47f4-bdfe-7dc9bae645c8/alpha-huarache-elite-3-turf-womens-softball-shoe-V8m7gC.jpg
nike,womens,softball,https://static.nike.com/a/images/c_limit,w_592,f_auto/t_product_v1/25e977fa-840a-4b27-9992-95c6359ae296/lunar-hyperdiamond-3-varsity-mcs-womens-softball-cleat-bSsmJZ.jpg
nike,womens,golf,https://static.nike.com/a/images/c_limit,w_592,f_auto/t_product_v1/a31b1150-326f-430a-98a2-923f149905b2/roshe-g-womens-golf-shoe-7dFSmR.jpg
nike,womens,golf,https://static.nike.com/a/images/c_limit,w_592,f_auto/t_product_v1/54d7203a-dea5-4437-88d1-5435a64629e6/air-max-1-g-womens-golf-shoe-J3Sw7g.jpg
nike,womens,golf,https://static.nike.com/a/images/c_limit,w_592,f_auto/t_product_v1/zomznretnjaofqsqth5d/roshe-g-tour-womens-golf-shoe-8NFrZ5.jpg
nike,womens,golf,https://static.nike.com/a/images/c_limit,w_592,f_auto/t_product_v1/d3924373-7f34-4afa-8cbe-8f9738ee1ed8/cortez-g-womens-golf-shoe-pqn0qW.jpg
nike,womens,golf,https://static.nike.com/a/images/c_limit,w_592,f_auto/t_product_v1/i1-1476786b-889c-4e56-92ed-0e28e14b44c8/cortez-g-nrg-womens-golf-shoe-BhNl2k.jpg
nike,womens,tennis,https://static.nike.com/a/images/c_limit,w_592,f_auto/t_product_v1/4836f563-ad81-4614-93f1-33c134e72854/nikecourt-air-max-volley-womens-hard-court-tennis-shoe-RzhPd3.jpg
nike,womens,tennis,https://static.nike.com/a/images/c_limit,w_592,f_auto/t_product_v1/d8f65b14-8f9d-466d-ab37-8e7bd76b92cb/nikecourt-air-zoom-vapor-cage-4-womens-hard-court-tennis-shoe-48HW2s.jpg
nike,womens,tennis,https://static.nike.com/a/images/c_limit,w_592,f_auto/t_product_v1/15b5aa2e-0f86-42f7-a151-1da9b922448b/nikecourt-air-zoom-vapor-x-womens-hard-court-tennis-shoe-Fn0HKX.jpg
nike,womens,tennis,https://static.nike.com/a/images/c_limit,w_592,f_auto/t_product_v1/49b3e8c1-e073-4d1c-90f5-9ec34e51234c/nikecourt-air-zoom-gp-turbo-womens-hard-court-tennis-shoe-mVBZTQ.jpg
nike,womens,tennis,https://static.nike.com/a/images/c_limit,w_592,f_auto/t_product_v1/1b6c4c0f-dcd6-416e-a885-0094c634f93b/nikecourt-lite-2-womens-hard-court-tennis-shoe-7xRJLc.jpg
nike,womens,tennis,https://static.nike.com/a/images/c_limit,w_592,f_auto/t_product_v1/48110df6-704e-425e-9bf2-158ba55298da/nikecourt-air-max-vapor-wing-ms-womens-tennis-shoe-186ps8.jpg
nike,womens,tennis,https://static.nike.com/a/images/c_limit,w_592,f_auto/t_product_v1/i1-87b69140-f78e-499f-a94b-b5c88b61eaeb/nikecourt-air-zoom-zero-womens-tennis-shoe-b6XpQ7.jpg
nike,womens,tennis,https://static.nike.com/a/images/c_limit,w_592,f_auto/t_product_v1/cbadcadd-0dcc-4ba3-9434-2fc6c7be0f2c/nikecourt-flare-2-womens-hard-court-tennis-shoe-Dz6bMm.jpg
nike,womens,tennis,https://static.nike.com/a/images/c_limit,w_592,f_auto/t_product_v1/cb26f66d-6056-4f07-9634-4d6cc6a6ee13/nikecourt-air-zoom-prestige-womens-tennis-shoe-BkmKA8.jpg
nike,womens,tennis,https://static.nike.com/a/images/c_limit,w_592,f_auto/t_product_v1/cfffa1a5-4ceb-47c0-99fb-117b236243a5/nikecourt-air-zoom-vapor-x-knit-womens-hard-court-tennis-shoe-mTTtl0.jpg
nike,womens,tennis,https://static.nike.com/a/images/c_limit,w_592,f_auto/t_product_v1/d951d99d-1e4e-4dd9-8d0a-8cd2f4857fef/tennis-classic-womens-shoe-gk2Pg2.jpg
nike,womens,track&field,https://static.nike.com/a/images/c_limit,w_592,f_auto/t_product_v1/630a404f-198d-429a-ab0a-874f9e117b6b/air-zoom-pegasus-36-tortoise-shell-womens-running-shoe-ksw5Hx.jpg
nike,womens,track&field,https://static.nike.com/a/images/c_limit,w_592,f_auto/t_product_v1/cf8edaff-13db-4afc-abb2-becf8773c7dc/zoom-rival-xc-womens-track-spike-2Fvl9N.jpg
nike,womens,track&field,https://static.nike.com/a/images/c_limit,w_592,f_auto/t_product_v1/c3b00d13-560a-4b57-90b8-2c3cece274da/zoom-fly-3-womens-running-shoe-FZRCxK.jpg
nike,womens,track&field,https://static.nike.com/a/images/c_limit,w_592,f_auto/t_product_v1/qbql0s3r1znw5m05c3h4/air-zoom-vomero-13-womens-running-shoe-wfKPmX.jpg
nike,womens,track&field,https://static.nike.com/a/images/c_limit,w_592,f_auto/t_product_v1/denqvyjpbtn0lconxtwn/air-zoom-structure-22-womens-running-shoe-1zf2mf.jpg
nike,womens,track&field,https://static.nike.com/a/images/c_limit,w_592,f_auto/t_product_v1/buktdtohqasczkpimzpx/air-zoom-wildhorse-5-womens-trail-running-shoe-qX89VV.jpg
nike,womens,track&field,https://static.nike.com/a/images/c_limit,w_592,f_auto/t_product_v1/f66ztrk7peut2urwusqb/air-zoom-pegasus-34-womens-running-shoe-28ml6X.jpg
nike,womens,track&field,https://static.nike.com/a/images/c_limit,w_592,f_auto/t_product_v1/lftmk2powjqvocak9cpt/air-zoom-pegasus-36-trail-womens-trail-running-shoe-vF7D4W.jpg
nike,womens,track&field,https://static.nike.com/a/images/c_limit,w_592,f_auto/t_product_v1/i1-4ab75cf8-6750-4c0d-adf0-8382189b3e4a/zoom-rival-m-9-womens-track-spike-4zzqnw.jpg
nike,womens,track&field,https://static.nike.com/a/images/c_limit,w_592,f_auto/t_product_v1/f0f79cc6-f085-4f35-bc8f-770ece16ecf6/zoom-rival-s-9-womens-track-spike-V4peyN.jpg
nike,womens,volleyball,https://static.nike.com/a/images/c_limit,w_592,f_auto/t_product_v1/i1-b3cdc472-be13-4a39-a4f0-4dfb4034a723/react-hyperset-womens-indoor-court-shoe-Hp4LWJ.jpg
nike,womens,volleyball,https://static.nike.com/a/images/c_limit,w_592,f_auto/t_product_v1/2d470b0e-8c8a-456f-a0b3-2c0cf013056e/react-hyperset-se-womens-indoor-court-shoe-QDwCC5.jpg
nike,womens,walking,https://static.nike.com/a/images/c_limit,w_592,f_auto/t_product_v1/632d52df-8a8b-4f8c-acdd-662d6c7bce77/joyride-dual-run-womens-running-shoe-B3dNj5.jpg
nike,womens,walking,https://static.nike.com/a/images/c_limit,w_592,f_auto/t_product_v1/i1-61b2377b-f4e1-485f-8037-edc8722ac2fb/react-phantom-run-flyknit-2-womens-running-shoe-65fS2h.jpg
nike,womens,walking,https://static.nike.com/a/images/c_limit,w_592,f_auto/t_product_v1/63f8f9c6-a0d4-4e7f-9c76-fbfdf76df6cf/react-miler-womens-running-shoe-0mgX0d.jpg
nike,womens,walking,https://static.nike.com/a/images/c_limit,w_592,f_auto/t_product_v1/i1-d9796dc7-1c14-46eb-ba1d-5bd47ee1510b/renew-run-womens-running-shoe-wide-9CrB26.jpg
nike,womens,walking,https://static.nike.com/a/images/c_limit,w_592,f_auto/t_product_v1/324cb169-d496-48d5-8729-c33c3cb38ff0/air-zoom-pegasus-37-flyease-womens-running-shoe-2RlCzR.jpg
nike,womens,walking,https://static.nike.com/a/images/c_limit,w_592,f_auto/t_product_v1/i1-eddc75d8-46cd-47e7-a26a-8014f1747935/air-zoom-wio-7-womens-running-shoe-wide-16bfpz.jpg
nike,womens,walking,https://static.nike.com/a/images/c_limit,w_592,f_auto/t_product_v1/fea314f6-ce69-47fe-926d-c9c4da7786ca/air-zoom-vomero-14-womens-running-shoe-hK53Km.jpg
nike,womens,walking,https://static.nike.com/a/images/c_limit,w_592,f_auto/t_product_v1/f9989e9f-4d8a-4518-8c79-a3ccb3609ee3/air-zoom-terra-kiger-6-womens-trail-running-shoe-CnfDJ2.jpg
nike,womens,walking,https://static.nike.com/a/images/c_limit,w_592,f_auto/t_product_v1/nusolutzrexc90gdnqzd/air-zoom-wio-6-womens-running-shoe-xc5pkP.jpg
