puma,mens,classics,https://images.puma.com/image/upload/q_auto,f_auto,w_1440/regional/%7Eregional%7EPNA%7Eothers%7EKOP%7EHome%7EAW20%7EClassics%7ESuedes%7E20_AW_SUEDE+SOCIAL+IMAGERY+REFRESH_SITE_1440x350_2.jpg/fmt/jpg/fmt/png
puma,mens,classics,https://images.puma.com/image/upload/f_auto,q_auto,b_rgb:fafafa,w_450,h_450/global/352634/03/sv01/fnd/PNA/fmt/png/Suede-Classic+-Sneakers
puma,mens,classics,https://images.puma.com/image/upload/f_auto,q_auto,b_rgb:fafafa,w_450,h_450/global/356328/01/sv01/fnd/PNA/fmt/png/Suede-Classic+-LFS-Sneakers
puma,mens,classics,https://images.puma.com/image/upload/f_auto,q_auto,b_rgb:fafafa,w_450,h_450/global/339844/01/sv01/fnd/PNA/fmt/png/Speedcat-OG-Sparco-Motorsport-Shoes
puma,mens,classics,https://images.puma.com/image/upload/f_auto,q_auto,b_rgb:fafafa,w_450,h_450/global/354367/17/sv01/fnd/PNA/fmt/png/Heritage-Basket-Classic-Sneakers
puma,mens,classics,https://images.puma.com/image/upload/f_auto,q_auto,b_rgb:fafafa,w_450,h_450/global/306725/02/sv01/fnd/PNA/fmt/png/Speedcat-OG+-Sparco-Motorsport-Shoes
puma,mens,classics,https://images.puma.com/image/upload/f_auto,q_auto,b_rgb:fafafa,w_450,h_450/global/380205/02/sv01/fnd/PNA/fmt/png/Suede-Mid-XXI-Men's-Sneakers
puma,mens,classics,https://images.puma.com/image/upload/f_auto,q_auto,b_rgb:fafafa,w_450,h_450/global/375900/01/sv01/fnd/PNA/fmt/png/Clyde-Script-Sneakers
puma,mens,classics,https://images.puma.com/image/upload/f_auto,q_auto,b_rgb:fafafa,w_450,h_450/global/375888/01/sv01/fnd/PNA/fmt/png/Clyde-Stitch-Sneakers
puma,mens,classics,https://images.puma.com/image/upload/f_auto,q_auto,b_rgb:fafafa,w_450,h_450/global/375890/01/sv01/fnd/PNA/fmt/png/Clyde-Autumn-Sneakers
puma,mens,classics,https://images.puma.com/image/upload/f_auto,q_auto,b_rgb:fafafa,w_450,h_450/global/306620/02/sv01/fnd/PNA/fmt/png/Mercedes-AMG-Petronas-GV-Special-Sneakers
puma,mens,lifestyle,https://images.puma.com/image/upload/f_auto,q_auto,b_rgb:fafafa,w_450,h_450/global/374145/02/sv01/fnd/PNA/fmt/png/Calibrate-Restored-Winterized-Men's-Sneakers
puma,mens,lifestyle,https://images.puma.com/image/upload/f_auto,q_auto,b_rgb:fafafa,w_450,h_450/global/380562/05/sv01/fnd/PNA/fmt/png/RS-Fast-Sneakers
puma,mens,lifestyle,https://images.puma.com/image/upload/f_auto,q_auto,b_rgb:fafafa,w_450,h_450/global/374138/02/sv01/fnd/PNA/fmt/png/RS-X³-Grids-Sneakers
puma,mens,lifestyle,https://images.puma.com/image/upload/f_auto,q_auto,b_rgb:fafafa,w_450,h_450/global/380414/01/sv04/fnd/PNA/fmt/png/RS-X-Mid-Militia-Sneakers
puma,mens,lifestyle,https://images.puma.com/image/upload/f_auto,q_auto,b_rgb:fafafa,w_450,h_450/global/371149/31/sv01/fnd/PNA/fmt/png/Future-Rider-Play-On-Sneakers
puma,mens,lifestyle,https://images.puma.com/image/upload/f_auto,q_auto,b_rgb:fafafa,w_450,h_450/global/195443/01/sv01/fnd/PNA/fmt/png/Manchester-City-FC-Active-Gaming-Footwear
puma,mens,lifestyle,https://images.puma.com/image/upload/f_auto,q_auto,b_rgb:fafafa,w_450,h_450/global/380174/01/sv01/fnd/PNA/fmt/png/RS-X³-X-Mas-Edition-Men's-Sneakers
puma,mens,lifestyle,https://images.puma.com/image/upload/f_auto,q_auto,b_rgb:fafafa,w_450,h_450/global/381620/01/sv01/fnd/PNA/fmt/png/RS-Fast-APM-Men's-Sneakers
puma,mens,lifestyle,https://images.puma.com/image/upload/f_auto,q_auto,b_rgb:fafafa,w_450,h_450/global/374995/02/sv01/fnd/PNA/fmt/png/Future-Rider-Sprint-Sneakers
puma,mens,lifestyle,https://images.puma.com/image/upload/f_auto,q_auto,b_rgb:fafafa,w_450,h_450/global/374150/01/sv01/fnd/PNA/fmt/png/Ralph-Sampson-Mid-Royal-Men's-Sneakers
puma,mens,lifestyle,https://images.puma.com/image/upload/f_auto,q_auto,b_rgb:fafafa,w_450,h_450/global/306750/01/sv01/fnd/PNA/fmt/png/Porsche-Legacy-RS-X³-911-GT3-R-Men's-Sneakers
puma,mens,lifestyle,https://images.puma.com/image/upload/f_auto,q_auto,b_rgb:fafafa,w_450,h_450/global/374794/01/sv01/fnd/PNA/fmt/png/PUMA-x-FASHION-GEEK-Ralph-Sampson-Lo-Sneakers
puma,mens,training&gym,https://images.puma.com/image/upload/f_auto,q_auto,b_rgb:fafafa,w_450,h_450/global/193069/08/sv01/fnd/PNA/fmt/png/H.ST.20-Training-Shoes
puma,mens,training&gym,https://images.puma.com/image/upload/f_auto,q_auto,b_rgb:fafafa,w_450,h_450/global/194115/01/sv01/fnd/PNA/fmt/png/PUMA-x-FIRST-MILE-LQDCELL-Optic-Mono-Men's-Running-Shoes
puma,mens,training&gym,https://images.puma.com/image/upload/f_auto,q_auto,b_rgb:fafafa,w_450,h_450/global/192805/13/sv01/fnd/PNA/fmt/png/INTERFLEX-Modern-Men's-Sneakers
puma,mens,training&gym,https://images.puma.com/image/upload/f_auto,q_auto,b_rgb:fafafa,w_450,h_450/global/194097/01/sv01/fnd/PNA/fmt/png/H.ST.20-Strap-Leather-Training-Shoes
puma,mens,training&gym,https://images.puma.com/image/upload/f_auto,q_auto,b_rgb:fafafa,w_450,h_450/global/193638/01/sv01/fnd/PNA/fmt/png/H.ST.20-Jamaica-LQDCELL-Men's-Training-Shoes
puma,mens,training&gym,https://images.puma.com/image/upload/f_auto,q_auto,b_rgb:fafafa,w_450,h_450/global/194096/02/sv01/fnd/PNA/fmt/png/H.ST.20-Leather-Training-Shoes
puma,mens,training&gym,https://images.puma.com/image/upload/f_auto,q_auto,b_rgb:fafafa,w_450,h_450/global/192942/04/sv01/fnd/PNA/fmt/png/LQDCELL-Challenge-Perf-Men's-Training-Shoes
puma,mens,training&gym,https://images.puma.com/image/upload/f_auto,q_auto,b_rgb:fafafa,w_450,h_450/global/194245/01/sv01/fnd/PNA/fmt/png/H.ST.20-NYC-Training-Shoes
puma,mens,training&gym,https://images.puma.com/image/upload/f_auto,q_auto,b_rgb:fafafa,w_450,h_450/global/193726/01/sv01/fnd/PNA/fmt/png/PUMA-x-FIRST-MILE-LQDCELL-Method-Xtreme-Men's-Training-Shoes
puma,mens,training&gym,https://images.puma.com/image/upload/f_auto,q_auto,b_rgb:fafafa,w_450,h_450/global/194114/02/sv01/fnd/PNA/fmt/png/PUMA-x-FIRST-MILE-LQDCELL-Optic-Xtreme-Men's-Training-Shoes
puma,mens,training&gym,https://images.puma.com/image/upload/f_auto,q_auto,b_rgb:fafafa,w_450,h_450/global/194095/03/sv01/fnd/PNA/fmt/png/H.ST.20-KIT-2-Men's-Training-Shoes
puma,mens,training&gym,https://images.puma.com/image/upload/f_auto,q_auto,b_rgb:fafafa,w_450,h_450/global/193685/01/sv01/fnd/PNA/fmt/png/LQDCELL-Method-Men's-Training-Shoes
puma,mens,training&gym,https://images.puma.com/image/upload/f_auto,q_auto,b_rgb:fafafa,w_450,h_450/global/193627/06/sv01/fnd/PNA/fmt/png/LQDCELL-Optic-XI-Men's-Training-Shoes
puma,mens,training&gym,https://images.puma.com/image/upload/f_auto,q_auto,b_rgb:fafafa,w_450,h_450/global/194102/01/sv01/fnd/PNA/fmt/png/LQDCELL-Optic-Stealth-Men's-Training-Shoes
puma,mens,training&gym,https://images.puma.com/image/upload/f_auto,q_auto,b_rgb:fafafa,w_450,h_450/global/193629/01/sv01/fnd/PNA/fmt/png/LQDCELL-Origin-XI-Men's-Training-Shoes
puma,mens,training&gym,https://images.puma.com/image/upload/f_auto,q_auto,b_rgb:fafafa,w_450,h_450/global/193348/02/sv01/fnd/PNA/fmt/png/H.ST.20-KIT-Men's-Training-Shoes
puma,mens,training&gym,https://images.puma.com/image/upload/f_auto,q_auto,b_rgb:fafafa,w_450,h_450/global/193085/02/sv01/fnd/PNA/fmt/png/PUMA-x-FIRST-MILE-LQDCELL-Hydra-Camo-Men's-Training-Shoes
puma,mens,training&gym,https://images.puma.com/image/upload/f_auto,q_auto,b_rgb:fafafa,w_450,h_450/global/193140/01/sv01/fnd/PNA/fmt/png/PUMA-x-FIRST-MILE-H.ST.20-Camo-Training-Shoes
puma,mens,training&gym,https://images.puma.com/image/upload/f_auto,q_auto,b_rgb:fafafa,w_450,h_450/global/193643/01/sv01/fnd/PNA/fmt/png/H.ST.20-OG-Gold-Training-Shoes
puma,mens,training&gym,https://images.puma.com/image/upload/f_auto,q_auto,b_rgb:fafafa,w_450,h_450/global/193637/02/sv01/fnd/PNA/fmt/png/LQDCELL-Optic-Dim-Men's-Training-Shoes
puma,mens,training&gym,https://images.puma.com/image/upload/f_auto,q_auto,b_rgb:fafafa,w_450,h_450/global/193972/01/sv01/fnd/PNA/fmt/png/H.ST.20-Premium-Training-Shoes
puma,mens,training&gym,https://images.puma.com/image/upload/f_auto,q_auto,b_rgb:fafafa,w_450,h_450/global/193084/02/sv01/fnd/PNA/fmt/png/PUMA-x-FIRST-MILE-LQDCELL-Hydra-Men's-Training-Shoes
puma,mens,training&gym,https://images.puma.com/image/upload/f_auto,q_auto,b_rgb:fafafa,w_450,h_450/global/193066/03/sv01/fnd/PNA/fmt/png/LQDCELL-Hydra-Men's-Training-Shoes
puma,mens,training&gym,https://images.puma.com/image/upload/f_auto,q_auto,b_rgb:fafafa,w_450,h_450/global/193080/03/sv01/fnd/PNA/fmt/png/Zone-XT-Men's-Training-Shoes
puma,mens,running,https://images.puma.com/image/upload/f_auto,q_auto,b_rgb:fafafa,w_450,h_450/global/194503/02/sv01/fnd/PNA/fmt/png/Calibrate-Runner-Mono-Men's-Shoes
puma,mens,running,https://images.puma.com/image/upload/f_auto,q_auto,b_rgb:fafafa,w_450,h_450/global/193755/01/sv01/fnd/PNA/fmt/png/UltraRide-Runner-ID-Men's-Running-Shoes
puma,mens,running,https://images.puma.com/image/upload/f_auto,q_auto,b_rgb:fafafa,w_450,h_450/global/194272/02/sv01/fnd/PNA/fmt/png/Comet-2-Alt-Running-Shoes
puma,mens,running,https://images.puma.com/image/upload/f_auto,q_auto,b_rgb:fafafa,w_450,h_450/global/194001/02/sv01/fnd/PNA/fmt/png/PUMA-x-FIRST-MILE-Minima-Mono-Men's-Running-Shoes
puma,mens,running,https://images.puma.com/image/upload/f_auto,q_auto,b_rgb:fafafa,w_450,h_450/global/373529/02/sv01/fnd/PNA/fmt/png/Calibrate-Restored-Sneakers
puma,mens,running,https://images.puma.com/image/upload/f_auto,q_auto,b_rgb:fafafa,w_450,h_450/global/193754/02/sv01/fnd/PNA/fmt/png/PUMA-x-FIRST-MILE-UltraRide-Xtreme-Men's-Running-Shoes
puma,mens,running,https://images.puma.com/image/upload/f_auto,q_auto,b_rgb:fafafa,w_450,h_450/global/194502/02/sv01/fnd/PNA/fmt/png/Calibrate-Runner-Men's-Shoes
puma,mens,running,https://images.puma.com/image/upload/f_auto,q_auto,b_rgb:fafafa,w_450,h_450/global/193151/06/sv01/fnd/PNA/fmt/png/Erupt-Trail-Running-Shoes
puma,mens,running,https://images.puma.com/image/upload/f_auto,q_auto,b_rgb:fafafa,w_450,h_450/global/193753/01/sv01/fnd/PNA/fmt/png/UltraRide-Men's-Running-Shoes
puma,mens,running,https://images.puma.com/image/upload/f_auto,q_auto,b_rgb:fafafa,w_450,h_450/global/193669/02/sv01/fnd/PNA/fmt/png/SPEED-500-2-Men's-Running-Shoes
puma,mens,running,https://images.puma.com/image/upload/f_auto,q_auto,b_rgb:fafafa,w_450,h_450/global/193672/02/sv01/fnd/PNA/fmt/png/SPEED-SUTAMINA-2-Men's-Running-Shoes
puma,mens,running,https://images.puma.com/image/upload/f_auto,q_auto,b_rgb:fafafa,w_450,h_450/global/192472/01/sv01/fnd/PNA/fmt/png/evoSPEED-Tokyo-Future-Track-Spikes
puma,mens,running,https://images.puma.com/image/upload/f_auto,q_auto,b_rgb:fafafa,w_450,h_450/global/193253/10/sv01/fnd/PNA/fmt/png/HYBRID-Runner-v2-Running-Shoes
puma,mens,running,https://images.puma.com/image/upload/f_auto,q_auto,b_rgb:fafafa,w_450,h_450/global/193384/07/sv01/fnd/PNA/fmt/png/HYBRID-NX-Ozone-Men's-Running-Shoes
puma,mens,running,https://images.puma.com/image/upload/f_auto,q_auto,b_rgb:fafafa,w_450,h_450/global/193104/03/sv01/fnd/PNA/fmt/png/SPEED-300-RACER-2-Men's-Running-Shoes
puma,mens,running,https://images.puma.com/image/upload/f_auto,q_auto,b_rgb:fafafa,w_450,h_450/global/193102/05/sv01/fnd/PNA/fmt/png/SPEED-600-2-Men's-Running-Shoes
puma,mens,running,https://images.puma.com/image/upload/f_auto,q_auto,b_rgb:fafafa,w_450,h_450/global/192578/04/sv01/fnd/PNA/fmt/png/evoSPEED-Haraka-6-Distance-Track-Spikes
puma,mens,running,https://images.puma.com/image/upload/f_auto,q_auto,b_rgb:fafafa,w_450,h_450/global/192473/01/sv01/fnd/PNA/fmt/png/evoSPEED-Tokyo-Future-Mid-Track-Spikes
puma,mens,running,https://images.puma.com/image/upload/f_auto,q_auto,b_rgb:fafafa,w_450,h_450/global/192861/01/sv01/fnd/PNA/fmt/png/evoSPEED-Tokyo-Brush-Mid-Track-Spikes
puma,mens,running,https://images.puma.com/image/upload/f_auto,q_auto,b_rgb:fafafa,w_450,h_450/global/192860/01/sv01/fnd/PNA/fmt/png/evoSPEED-Tokyo-Brush-Track-Spikes
puma,mens,running,https://images.puma.com/image/upload/f_auto,q_auto,b_rgb:fafafa,w_450,h_450/global/193112/02/sv01/fnd/PNA/fmt/png/PUMA-x-FIRST-MILE-HYBRID-Fuego-Camo-Men's-Running-Shoes
puma,mens,running,https://images.puma.com/image/upload/f_auto,q_auto,b_rgb:fafafa,w_450,h_450/global/193108/02/sv01/fnd/PNA/fmt/png/PUMA-x-FIRST-MILE-HYBRID-NX-Ozone-Men's-Running-Shoes
puma,mens,running,https://images.puma.com/image/upload/f_auto,q_auto,b_rgb:fafafa,w_450,h_450/global/193152/01/sv01/fnd/PNA/fmt/png/PUMA-x-FIRST-MILE-Erupt-Trail-Men's-Running-Shoes
puma,mens,motorsport,https://images.puma.com/image/upload/f_auto,q_auto,b_rgb:fafafa,w_450,h_450/global/306628/01/sv01/fnd/PNA/fmt/png/Scuderia-Ferrari-Race-RS-X³-Men's-Sneakers
puma,mens,motorsport,https://images.puma.com/image/upload/f_auto,q_auto,b_rgb:fafafa,w_450,h_450/global/306600/02/sv01/fnd/PNA/fmt/png/Mercedes-AMG-Petronas-Speedcat-Mid-Leather-Men's-Motorsport-Shoes
puma,mens,motorsport,https://images.puma.com/image/upload/f_auto,q_auto,b_rgb:fafafa,w_450,h_450/global/306573/01/sv01/fnd/PNA/fmt/png/Porsche-Design-XETIC-Men's-Motorsport-Shoes
puma,mens,motorsport,https://images.puma.com/image/upload/f_auto,q_auto,b_rgb:fafafa,w_450,h_450/global/306608/01/sv01/fnd/PNA/fmt/png/Porsche-Design-XETIC-GID-Men's-Motorsport-Shoes
puma,mens,motorsport,https://images.puma.com/image/upload/f_auto,q_auto,b_rgb:fafafa,w_450,h_450/global/339965/04/sv01/fnd/PNA/fmt/png/Porsche-Design-Octn-Men's-Motorsport-Shoes
puma,mens,motorsport,https://images.puma.com/image/upload/f_auto,q_auto,b_rgb:fafafa,w_450,h_450/global/339964/05/sv01/fnd/PNA/fmt/png/Porsche-Design-LQDCELL-Men's-Training-Shoes
puma,mens,motorsport,https://images.puma.com/image/upload/f_auto,q_auto,b_rgb:fafafa,w_450,h_450/global/306632/02/sv01/fnd/PNA/fmt/png/Porsche-Legacy-RS-2K-Men's-Sneakers
puma,mens,motorsport,https://images.puma.com/image/upload/f_auto,q_auto,b_rgb:fafafa,w_450,h_450/global/306619/01/sv01/fnd/PNA/fmt/png/BMW-M-Motorsport-GV-Special-Men's-Sneakers
puma,mens,motorsport,https://images.puma.com/image/upload/f_auto,q_auto,b_rgb:fafafa,w_450,h_450/global/339960/04/sv01/fnd/PNA/fmt/png/Porsche-Design-Speedcat-Men's-Motorsport-Shoes
puma,mens,motorsport,https://images.puma.com/image/upload/f_auto,q_auto,b_rgb:fafafa,w_450,h_450/global/306536/02/sv01/fnd/PNA/fmt/png/BMW-M-Motorsport-RS-2K-Men's-Sneakers
puma,mens,motorsport,https://images.puma.com/image/upload/f_auto,q_auto,b_rgb:fafafa,w_450,h_450/global/306629/01/sv01/fnd/PNA/fmt/png/Scuderia-Ferrari-Race-GV-Special-Men's-Sneakers
puma,mens,motorsport,https://images.puma.com/image/upload/f_auto,q_auto,b_rgb:fafafa,w_450,h_450/global/306542/02/sv01/fnd/PNA/fmt/png/Scuderia-Ferrari-Race-Roma-Men's-Sneakers
puma,mens,motorsport,https://images.puma.com/image/upload/f_auto,q_auto,b_rgb:fafafa,w_450,h_450/global/306649/01/sv01/fnd/PNA/fmt/png/Future-Rider-BMW-M-Motorsport-Sneakers
puma,mens,motorsport,https://images.puma.com/image/upload/f_auto,q_auto,b_rgb:fafafa,w_450,h_450/global/306584/01/sv01/fnd/PNA/fmt/png/Mercedes-AMG-Petronas-Future-Kart-Cat-Motorsport-Shoes
puma,mens,motorsport,https://images.puma.com/image/upload/f_auto,q_auto,b_rgb:fafafa,w_450,h_450/global/306498/01/sv01/fnd/PNA/fmt/png/BMW-M-Motorsport-RS-X³-Sneakers
puma,mens,motorsport,https://images.puma.com/image/upload/f_auto,q_auto,b_rgb:fafafa,w_450,h_450/global/306524/02/sv01/fnd/PNA/fmt/png/BMW-M-Motorsport-OCTN-Men's-Motorsport-Shoes
puma,mens,motorsport,https://images.puma.com/image/upload/f_auto,q_auto,b_rgb:fafafa,w_450,h_450/global/306555/02/sv01/fnd/PNA/fmt/png/Scuderia-Ferrari-Race-Replicat-X-2.0-Men's-Motorsport-Shoes
puma,mens,motorsport,https://images.puma.com/image/upload/f_auto,q_auto,b_rgb:fafafa,w_450,h_450/global/306586/02/sv01/fnd/PNA/fmt/png/Scuderia-Ferrari-Race-Future-Kart-Cat-Men's-Motorsport-Shoes
puma,mens,motorsport,https://images.puma.com/image/upload/f_auto,q_auto,b_rgb:fafafa,w_450,h_450/global/306562/02/sv01/fnd/PNA/fmt/png/Mercedes-AMG-Petronas-LQDCELL-Extol-Men's-Sneakers
puma,mens,motorsport,https://images.puma.com/image/upload/f_auto,q_auto,b_rgb:fafafa,w_450,h_450/global/306575/01/sv01/fnd/PNA/fmt/png/Scuderia-Ferrari-Style-Roma-Men's-Sneakers
puma,mens,motorsport,https://images.puma.com/image/upload/f_auto,q_auto,b_rgb:fafafa,w_450,h_450/global/306526/02/sv01/fnd/PNA/fmt/png/BMW-M-Motorsport-Roma-Men's-Sneakers
puma,mens,motorsport,https://images.puma.com/image/upload/f_auto,q_auto,b_rgb:fafafa,w_450,h_450/global/306533/02/sv01/fnd/PNA/fmt/png/Mercedes-AMG-Petronas-Roma-Men's-Sneakers
puma,mens,motorsport,https://images.puma.com/image/upload/f_auto,q_auto,b_rgb:fafafa,w_450,h_450/global/306630/01/sv01/fnd/PNA/fmt/png/Red-Bull-Racing-RS-X³-Men's-Sneakers
puma,mens,motorsport,https://images.puma.com/image/upload/f_auto,q_auto,b_rgb:fafafa,w_450,h_450/global/306585/02/sv01/fnd/PNA/fmt/png/BMW-M-Motorsport-Future-Kart-Cat-Men's-Motorsport-Shoes
puma,mens,motorsport,https://images.puma.com/image/upload/f_auto,q_auto,b_rgb:fafafa,w_450,h_450/global/339945/03/sv01/fnd/PNA/fmt/png/Replicat-X-Scuderia-Ferrari-Men's-Motorsport-Shoes
puma,mens,performance_basketball,https://images.puma.com/image/upload/f_auto,q_auto,b_rgb:fafafa,w_450,h_450/global/194836/01/sv01/fnd/PNA/fmt/png/Clyde-All-Pro-Kuzma-Mid-Basketball-Shoes
puma,mens,performance_basketball,https://images.puma.com/image/upload/f_auto,q_auto,b_rgb:fafafa,w_450,h_450/global/195315/01/sv01/fnd/PNA/fmt/png/Clyde-All-Pro-Elf-Basketball-Shoes
puma,mens,performance_basketball,https://images.puma.com/image/upload/f_auto,q_auto,b_rgb:fafafa,w_450,h_450/global/194039/02/sv01/fnd/PNA/fmt/png/Clyde-All-Pro-Basketball-Shoes
puma,mens,performance_basketball,https://images.puma.com/image/upload/f_auto,q_auto,b_rgb:fafafa,w_450,h_450/global/194454/01/sv01/fnd/PNA/fmt/png/Clyde-Hardwood-Team-Basketball-Shoes
puma,mens,performance_basketball,https://images.puma.com/image/upload/f_auto,q_auto,b_rgb:fafafa,w_450,h_450/global/194606/01/sv01/fnd/PNA/fmt/png/RS-Dreamer-Super-Mario-64™-Basketball-Shoes
puma,mens,performance_basketball,https://images.puma.com/image/upload/f_auto,q_auto,b_rgb:fafafa,w_450,h_450/global/193663/01/sv01/fnd/PNA/fmt/png/Clyde-Hardwood-Basketball-Shoes
puma,mens,performance_basketball,https://images.puma.com/image/upload/f_auto,q_auto,b_rgb:fafafa,w_450,h_450/global/194042/02/sv01/fnd/PNA/fmt/png/Sky-Modern-Basketball-Shoes
puma,mens,performance_basketball,https://images.puma.com/image/upload/f_auto,q_auto,b_rgb:fafafa,w_450,h_450/global/194954/01/sv01/fnd/PNA/fmt/png/Sky-Modern-Trevor-Project-Basketball-Shoes
puma,mens,performance_basketball,https://images.puma.com/image/upload/f_auto,q_auto,b_rgb:fafafa,w_450,h_450/global/194043/01/sv01/fnd/PNA/fmt/png/Sky-Modern-Easter-Basketball-Shoes
puma,mens,performance_basketball,https://images.puma.com/image/upload/f_auto,q_auto,b_rgb:fafafa,w_450,h_450/global/194045/01/sv01/fnd/PNA/fmt/png/Clyde-Hardwood-Retro-Fantasy-Basketball-Shoes
puma,mens,performance_basketball,https://images.puma.com/image/upload/f_auto,q_auto,b_rgb:fafafa,w_450,h_450/global/194044/01/sv01/fnd/PNA/fmt/png/Clyde-Hardwood-Metallic-Basketball-Shoes
puma,mens,performance_basketball,https://images.puma.com/image/upload/f_auto,q_auto,b_rgb:fafafa,w_450,h_450/global/193675/01/sv01/fnd/PNA/fmt/png/Sky-Dreamer-Basketball-Shoes
puma,mens,performance_basketball,https://images.puma.com/image/upload/f_auto,q_auto,b_rgb:fafafa,w_450,h_450/global/194264/01/sv01/fnd/PNA/fmt/png/Clyde-Hardwood-Week-of-Greatness-Basketball-Shoes
puma,mens,heritage_basketball,https://images.puma.com/image/upload/f_auto,q_auto,b_rgb:fafafa,w_450,h_450/global/381313/01/sv01/fnd/PNA/fmt/png/Clyde-Mid-Elf-Sneakers
puma,mens,heritage_basketball,https://images.puma.com/image/upload/f_auto,q_auto,b_rgb:fafafa,w_450,h_450/global/374219/01/sv01/fnd/PNA/fmt/png/PUMA-x-MR-DOODLE-Sky-LX-Mid-Men's-Sneakers
puma,mens,heritage_basketball,https://images.puma.com/image/upload/f_auto,q_auto,b_rgb:fafafa,w_450,h_450/global/373339/01/sv01/fnd/PNA/fmt/png/Ralph-Sampson-MC-Wildcats-Sneakers
puma,mens,heritage_basketball,https://images.puma.com/image/upload/f_auto,q_auto,b_rgb:fafafa,w_450,h_450/global/373336/01/sv01/fnd/PNA/fmt/png/Ralph-Sampson-Lo-Tones-Men's-Sneakers
puma,mens,heritage_basketball,https://images.puma.com/image/upload/f_auto,q_auto,b_rgb:fafafa,w_450,h_450/global/380202/01/sv01/fnd/PNA/fmt/png/Ralph-Sampson-Usain-Bolt-WH-Sneakers
puma,mens,heritage_basketball,https://images.puma.com/image/upload/f_auto,q_auto,b_rgb:fafafa,w_450,h_450/global/373340/02/sv01/fnd/PNA/fmt/png/Ralph-Sampson-Mid-Stitch-Men's-Sneakers
puma,mens,heritage_basketball,https://images.puma.com/image/upload/f_auto,q_auto,b_rgb:fafafa,w_450,h_450/global/373337/01/sv01/fnd/PNA/fmt/png/Ralph-Sampson-Mid-Utility-Men's-Sneakers
puma,mens,heritage_basketball,https://images.puma.com/image/upload/f_auto,q_auto,b_rgb:fafafa,w_450,h_450/global/374079/01/sv01/fnd/PNA/fmt/png/Sky-LX-Lo-Japanorama-Men's-Sneakers
puma,mens,heritage_basketball,https://images.puma.com/image/upload/f_auto,q_auto,b_rgb:fafafa,w_450,h_450/global/374391/01/sv01/fnd/PNA/fmt/png/Sky-LX-Mid-Athletic-NYC-Sneakers
puma,mens,heritage_basketball,https://images.puma.com/image/upload/f_auto,q_auto,b_rgb:fafafa,w_450,h_450/global/373749/01/sv01/fnd/PNA/fmt/png/PUMA-x-VON-DUTCH-Ralph-Sampson-Mid-Sneakers
puma,mens,heritage_basketball,https://images.puma.com/image/upload/f_auto,q_auto,b_rgb:fafafa,w_450,h_450/global/374072/01/sv01/fnd/PNA/fmt/png/Ralph-Sampson-Mid-Japanorama-Sneakers
puma,mens,heritage_basketball,https://images.puma.com/image/upload/f_auto,q_auto,b_rgb:fafafa,w_450,h_450/global/370846/16/sv01/fnd/PNA/fmt/png/Ralph-Sampson-Lo-Sneakers
puma,mens,heritage_basketball,https://images.puma.com/image/upload/f_auto,q_auto,b_rgb:fafafa,w_450,h_450/global/374117/01/sv01/fnd/PNA/fmt/png/Sky-LX-Lo-Luxe-Sneakers
puma,mens,heritage_basketball,https://images.puma.com/image/upload/f_auto,q_auto,b_rgb:fafafa,w_450,h_450/global/371683/08/sv01/fnd/PNA/fmt/png/Ralph-Sampson-Demi-OG-Men's-Sneakers
puma,mens,heritage_basketball,https://images.puma.com/image/upload/f_auto,q_auto,b_rgb:fafafa,w_450,h_450/global/374874/01/sv01/fnd/PNA/fmt/png/Ralph-Sampson-Mid-Rudolf-Dassler-Legacy-Sneakers
puma,mens,heritage_basketball,https://images.puma.com/image/upload/f_auto,q_auto,b_rgb:fafafa,w_450,h_450/global/374878/01/sv01/fnd/PNA/fmt/png/Sky-LX-Lo-Rudolf-Dassler-Legacy-Men's-Sneakers
puma,mens,heritage_basketball,https://images.puma.com/image/upload/f_auto,q_auto,b_rgb:fafafa,w_450,h_450/global/374872/01/sv01/fnd/PNA/fmt/png/Ralph-Sampson-Lo-Rudolf-Dassler-Legacy-Sneakers
puma,mens,heritage_basketball,https://images.puma.com/image/upload/f_auto,q_auto,b_rgb:fafafa,w_450,h_450/global/374749/01/sv01/fnd/PNA/fmt/png/Ralph-Sampson-Lo-WH-Men's-Sneakers
puma,mens,heritage_basketball,https://images.puma.com/image/upload/f_auto,q_auto,b_rgb:fafafa,w_450,h_450/global/373343/02/sv01/fnd/PNA/fmt/png/Sky-LX-Lo-Men's-Sneakers
puma,mens,heritage_basketball,https://images.puma.com/image/upload/f_auto,q_auto,b_rgb:fafafa,w_450,h_450/global/374073/01/sv01/fnd/PNA/fmt/png/Ralph-Sampson-Mid-4th-of-July-Sneakers
puma,mens,heritage_basketball,https://images.puma.com/image/upload/f_auto,q_auto,b_rgb:fafafa,w_450,h_450/global/374066/03/sv01/fnd/PNA/fmt/png/Ralph-Sampson-MC-Sneakers
puma,mens,heritage_basketball,https://images.puma.com/image/upload/f_auto,q_auto,b_rgb:fafafa,w_450,h_450/global/372890/01/sv01/fnd/PNA/fmt/png/Palace-Guard-Leather-Men's-Sneakers
puma,mens,soccer,https://images.puma.com/image/upload/f_auto,q_auto,b_rgb:fafafa,w_450,h_450/global/106179/03/sv01/fnd/PNA/fmt/png/FUTURE-6.1-NETFIT-FG/AG-Soccer-Cleats
puma,mens,soccer,https://images.puma.com/image/upload/f_auto,q_auto,b_rgb:fafafa,w_450,h_450/global/106300/01/sv01/fnd/PNA/fmt/png/ULTRA-3.2-FG/AG-Men's-Soccer-Cleats
puma,mens,soccer,https://images.puma.com/image/upload/f_auto,q_auto,b_rgb:fafafa,w_450,h_450/global/106351/01/sv01/fnd/PNA/fmt/png/ULTRA-3.2-TT-Men's-Soccer-Shoes
puma,mens,soccer,https://images.puma.com/image/upload/f_auto,q_auto,b_rgb:fafafa,w_450,h_450/global/106352/01/sv01/fnd/PNA/fmt/png/ULTRA-3.2-IT-Men's-Soccer-Shoes
puma,mens,soccer,https://images.puma.com/image/upload/f_auto,q_auto,b_rgb:fafafa,w_450,h_450/global/106458/01/sv01/fnd/PNA/fmt/png/PUMA-x-KIDSUPER-STUDIOS-King-TT-Men's-Soccer-Shoes
puma,mens,soccer,https://images.puma.com/image/upload/f_auto,q_auto,b_rgb:fafafa,w_450,h_450/global/106791/01/sv01/fnd/PNA/fmt/png/King-Platinum-Neymar-Jr.-FG/-AG-Men's-Soccer-Cleats
puma,mens,soccer,https://images.puma.com/image/upload/f_auto,q_auto,b_rgb:fafafa,w_450,h_450/global/106089/02/sv01/fnd/PNA/fmt/png/ULTRA-3.1-TT-Men's-Soccer-Shoes
puma,mens,soccer,https://images.puma.com/image/upload/f_auto,q_auto,b_rgb:fafafa,w_450,h_450/global/105607/01/sv01/fnd/PNA/fmt/png/King-Top-FG-Men's-Soccer-Cleats
puma,mens,soccer,https://images.puma.com/image/upload/f_auto,q_auto,b_rgb:fafafa,w_450,h_450/global/105669/01/sv01/fnd/PNA/fmt/png/King-Pro-IT-Soccer-Shoes
puma,mens,soccer,https://images.puma.com/image/upload/f_auto,q_auto,b_rgb:fafafa,w_450,h_450/global/105734/01/sv01/fnd/PNA/fmt/png/King-Top-TT-Men's-Soccer-Shoes
puma,mens,soccer,https://images.puma.com/image/upload/f_auto,q_auto,b_rgb:fafafa,w_450,h_450/global/105668/01/sv01/fnd/PNA/fmt/png/King-Pro-TT-Soccer-Shoes
puma,mens,soccer,https://images.puma.com/image/upload/f_auto,q_auto,b_rgb:fafafa,w_450,h_450/global/105608/01/sv01/fnd/PNA/fmt/png/King-Pro-FG-Soccer-Cleats
puma,mens,soccer,https://images.puma.com/image/upload/f_auto,q_auto,b_rgb:fafafa,w_450,h_450/global/105968/01/sv01/fnd/PNA/fmt/png/PUMA-ONE-20.4-TT-Men's-Soccer-Shoes
puma,mens,soccer,https://images.puma.com/image/upload/f_auto,q_auto,b_rgb:fafafa,w_450,h_450/global/105969/01/sv01/fnd/PNA/fmt/png/PUMA-ONE-20.4-IT-Men's-Soccer-Shoes
puma,mens,soccer,https://images.puma.com/image/upload/f_auto,q_auto,b_rgb:fafafa,w_450,h_450/global/106090/01/sv01/fnd/PNA/fmt/png/ULTRA-3.1-IT-Men's-Soccer-Shoes
puma,mens,soccer,https://images.puma.com/image/upload/f_auto,q_auto,b_rgb:fafafa,w_450,h_450/global/106048/01/sv01/fnd/PNA/fmt/png/365-FUTSAL-1-Men's-Soccer-Shoes
puma,mens,soccer,https://images.puma.com/image/upload/f_auto,q_auto,b_rgb:fafafa,w_450,h_450/global/105940/01/sv01/fnd/PNA/fmt/png/FUTURE-5.3-NETFIT-IT-Men's-Soccer-Shoes
puma,mens,soccer,https://images.puma.com/image/upload/f_auto,q_auto,b_rgb:fafafa,w_450,h_450/global/105939/01/sv01/fnd/PNA/fmt/png/FUTURE-5.3-NETFIT-TT-Men's-Soccer-Shoes
puma,mens,soccer,https://images.puma.com/image/upload/f_auto,q_auto,b_rgb:fafafa,w_450,h_450/global/105945/01/sv01/fnd/PNA/fmt/png/FUTURE-5.4-IT-Men's-Soccer-Shoes
puma,mens,soccer,https://images.puma.com/image/upload/f_auto,q_auto,b_rgb:fafafa,w_450,h_450/global/105944/01/sv01/fnd/PNA/fmt/png/FUTURE-5.4-TT-Men's-Soccer-Shoes
puma,mens,soccer,https://images.puma.com/image/upload/f_auto,q_auto,b_rgb:fafafa,w_450,h_450/global/105992/01/sv01/fnd/PNA/fmt/png/365-Sala-2-Men's-Soccer-Shoes
puma,womens,classics,https://images.puma.com/image/upload/f_auto,q_auto,b_rgb:fafafa,w_450,h_450/global/355462/01/sv01/fnd/PNA/fmt/png/Suede-Classic-Women's-Sneakers
puma,womens,classics,https://images.puma.com/image/upload/f_auto,q_auto,b_rgb:fafafa,w_450,h_450/global/372093/04/sv01/fnd/PNA/fmt/png/Suede-Classic+-Women's-Sneakers
puma,womens,classics,https://images.puma.com/image/upload/f_auto,q_auto,b_rgb:fafafa,w_450,h_450/global/306794/03/sv01/fnd/PNA/fmt/png/Speedcat-OG-Sparco-Women's-Sneakers
puma,womens,classics,https://images.puma.com/image/upload/f_auto,q_auto,b_rgb:fafafa,w_450,h_450/global/373438/01/sv01/fnd/PNA/fmt/png/Cali-Wedge-Women's-Sneakers
puma,womens,classics,https://images.puma.com/image/upload/f_auto,q_auto,b_rgb:fafafa,w_450,h_450/global/381019/01/sv01/fnd/PNA/fmt/png/Clyde-NYE-Women's-Sneakers
puma,womens,classics,https://images.puma.com/image/upload/f_auto,q_auto,b_rgb:fafafa,w_450,h_450/global/375557/01/sv01/fnd/PNA/fmt/png/Clyde-Snake-Women's-Sneakers
puma,womens,classics,https://images.puma.com/image/upload/f_auto,q_auto,b_rgb:fafafa,w_450,h_450/global/375837/01/sv01/fnd/PNA/fmt/png/Cali-Velour-Women's-Sneakers
puma,womens,classics,https://images.puma.com/image/upload/f_auto,q_auto,b_rgb:fafafa,w_450,h_450/global/368655/01/sv01/fnd/PNA/fmt/png/Cali-Metallic-Women's-Sneakers
puma,womens,classics,https://images.puma.com/image/upload/f_auto,q_auto,b_rgb:fafafa,w_450,h_450/global/373910/02/sv01/fnd/PNA/fmt/png/Cali-Wabi-Sabi-Women's-Sneakers
puma,womens,classics,https://images.puma.com/image/upload/f_auto,q_auto,b_rgb:fafafa,w_450,h_450/global/374663/01/sv01/fnd/PNA/fmt/png/Cali-Corduroy-Women's-Sneakers
puma,womens,classics,https://images.puma.com/image/upload/f_auto,q_auto,b_rgb:fafafa,w_450,h_450/global/373905/01/sv01/fnd/PNA/fmt/png/Cali-Wedge-Mojave-Desert-Women's-Sneakers
puma,womens,classics,https://images.puma.com/image/upload/f_auto,q_auto,b_rgb:fafafa,w_450,h_450/global/372309/02/sv01/fnd/PNA/fmt/png/Cali-Bold-NYC-Women's-Sneakers
puma,womens,classics,https://images.puma.com/image/upload/f_auto,q_auto,b_rgb:fafafa,w_450,h_450/global/374818/01/sv01/fnd/PNA/fmt/png/Cali-Sport-Wabi-Sabi-Women's-Sneakers
puma,womens,classics,https://images.puma.com/image/upload/f_auto,q_auto,b_rgb:fafafa,w_450,h_450/global/369155/04/sv01/fnd/PNA/fmt/png/Cali-Women's-Sneakers
puma,womens,classics,https://images.puma.com/image/upload/f_auto,q_auto,b_rgb:fafafa,w_450,h_450/global/372967/01/sv01/fnd/PNA/fmt/png/Cali-Silver-NYC-Women's-Sneakers
puma,womens,classics,https://images.puma.com/image/upload/f_auto,q_auto,b_rgb:fafafa,w_450,h_450/global/372982/01/sv01/fnd/PNA/fmt/png/Cali-Pewter-NYC-Holiday-Women's-Sneakers
puma,womens,classics,https://images.puma.com/image/upload/f_auto,q_auto,b_rgb:fafafa,w_450,h_450/global/374405/01/sv01/fnd/PNA/fmt/png/Roma-Amor-Logo-NYC-Women's-Sneakers
puma,womens,classics,https://images.puma.com/image/upload/f_auto,q_auto,b_rgb:fafafa,w_450,h_450/global/374400/01/sv01/fnd/PNA/fmt/png/Clyde-Pride-NYC-Sneakers
puma,womens,classics,https://images.puma.com/image/upload/f_auto,q_auto,b_rgb:fafafa,w_450,h_450/global/374390/01/sv01/fnd/PNA/fmt/png/GV-Special-NYC-Sneakers
puma,womens,classics,https://images.puma.com/image/upload/f_auto,q_auto,b_rgb:fafafa,w_450,h_450/global/373909/02/sv01/fnd/PNA/fmt/png/Cali-Sport-Wildcats-Women's-Sneakers
puma,womens,lifestyle,https://images.puma.com/image/upload/f_auto,q_auto,b_rgb:fafafa,w_450,h_450/global/375386/01/sv01/fnd/PNA/fmt/png/RS-Fast-Wild-Disco-Women's-Sneakers
puma,womens,lifestyle,https://images.puma.com/image/upload/f_auto,q_auto,b_rgb:fafafa,w_450,h_450/global/375174/03/sv01/fnd/PNA/fmt/png/RS-Curve-Glow-Women's-Sneakers
puma,womens,lifestyle,https://images.puma.com/image/upload/f_auto,q_auto,b_rgb:fafafa,w_450,h_450/global/374402/01/sv01/fnd/PNA/fmt/png/RS-X³-NYC-Women's-Sneakers
puma,womens,lifestyle,https://images.puma.com/image/upload/f_auto,q_auto,b_rgb:fafafa,w_450,h_450/global/375384/01/sv01/fnd/PNA/fmt/png/RS-Fast-Royal-Flame-Women's-Sneakers
puma,womens,lifestyle,https://images.puma.com/image/upload/f_auto,q_auto,b_rgb:fafafa,w_450,h_450/global/374664/02/sv01/fnd/PNA/fmt/png/Mile-Rider-Chrome-Desert-Women's-Sneakers
puma,womens,lifestyle,https://images.puma.com/image/upload/f_auto,q_auto,b_rgb:fafafa,w_450,h_450/global/380848/01/sv01/fnd/PNA/fmt/png/PUMA-x-CLOUD9-RS-X-Sneakers
puma,womens,lifestyle,https://images.puma.com/image/upload/f_auto,q_auto,b_rgb:fafafa,w_450,h_450/global/375383/01/sv01/fnd/PNA/fmt/png/RS-Fast-Metal-Sneakers
puma,womens,lifestyle,https://images.puma.com/image/upload/f_auto,q_auto,b_rgb:fafafa,w_450,h_450/global/374221/01/sv01/fnd/PNA/fmt/png/PUMA-x-MR-DOODLE-DEVA-Women's-Sneakers
puma,womens,lifestyle,https://images.puma.com/image/upload/f_auto,q_auto,b_rgb:fafafa,w_450,h_450/global/381825/02/sv01/fnd/PNA/fmt/png/Future-Rider-Varsity-Women's-Sneakers
puma,womens,lifestyle,https://images.puma.com/image/upload/f_auto,q_auto,b_rgb:fafafa,w_450,h_450/global/368747/01/sv01/fnd/PNA/fmt/png/Mile-Rider-Supernatural-Women's-Sneakers
puma,womens,lifestyle,https://images.puma.com/image/upload/f_auto,q_auto,b_rgb:fafafa,w_450,h_450/global/374757/02/sv01/fnd/PNA/fmt/png/DEVA-Suede-Women's-Boots
puma,womens,lifestyle,https://images.puma.com/image/upload/f_auto,q_auto,b_rgb:fafafa,w_450,h_450/global/380183/01/sv01/fnd/PNA/fmt/png/Future-Rider-Wild-Disco-Women's-Sneakers
puma,womens,lifestyle,https://images.puma.com/image/upload/f_auto,q_auto,b_rgb:fafafa,w_450,h_450/global/380711/03/sv01/fnd/PNA/fmt/png/Mile-Rider-Bright-Peaks-Women's-Sneakers
puma,womens,lifestyle,https://images.puma.com/image/upload/f_auto,q_auto,b_rgb:fafafa,w_450,h_450/global/380580/01/sv01/fnd/PNA/fmt/png/PUMA-x-emoji®-Mile-Rider-Women's-Sneakers
puma,womens,lifestyle,https://images.puma.com/image/upload/f_auto,q_auto,b_rgb:fafafa,w_450,h_450/global/375994/01/sv01/fnd/PNA/fmt/png/Future-Rider-Wildcats-Women's-Sneakers
puma,womens,training&gym,https://images.puma.com/image/upload/f_auto,q_auto,b_rgb:fafafa,w_450,h_450/global/194111/03/sv01/fnd/PNA/fmt/png/Provoke-XT-Mid-Women's-Training-Shoes
puma,womens,training&gym,https://images.puma.com/image/upload/f_auto,q_auto,b_rgb:fafafa,w_450,h_450/global/194110/01/sv01/fnd/PNA/fmt/png/PUMA-x-FIRST-MILE-Provoke-XT-Xtreme-Women's-Training-Shoes
puma,womens,training&gym,https://images.puma.com/image/upload/f_auto,q_auto,b_rgb:fafafa,w_450,h_450/global/193787/01/sv01/fnd/PNA/fmt/png/PUMA-x-FIRST-MILE-Provoke-XT-Mono-Women's-Training-Shoes
puma,womens,training&gym,https://images.puma.com/image/upload/f_auto,q_auto,b_rgb:fafafa,w_450,h_450/global/193036/06/sv01/fnd/PNA/fmt/png/LQDCELL-Shatter-XT-Trail-Women’s-Training-Shoes
puma,womens,training&gym,https://images.puma.com/image/upload/f_auto,q_auto,b_rgb:fafafa,w_450,h_450/global/190305/09/sv01/fnd/PNA/fmt/png/Riaze-Prowl-Women’s-Training-Shoes
puma,womens,training&gym,https://images.puma.com/image/upload/f_auto,q_auto,b_rgb:fafafa,w_450,h_450/global/194101/02/sv01/fnd/PNA/fmt/png/H.ST.20-Strap-Leather-Women's-Training-Shoes
puma,womens,training&gym,https://images.puma.com/image/upload/f_auto,q_auto,b_rgb:fafafa,w_450,h_450/global/194099/02/sv01/fnd/PNA/fmt/png/H.ST.20-Leather-Women's-Training-Shoes
puma,womens,training&gym,https://images.puma.com/image/upload/f_auto,q_auto,b_rgb:fafafa,w_450,h_450/global/193785/02/sv01/fnd/PNA/fmt/png/Provoke-XT-Pearl-Women's-Training-Shoes
puma,womens,training&gym,https://images.puma.com/image/upload/f_auto,q_auto,b_rgb:fafafa,w_450,h_450/global/193678/02/sv01/fnd/PNA/fmt/png/H.ST.20-Kit-Women's-Training-Shoes
puma,womens,training&gym,https://images.puma.com/image/upload/f_auto,q_auto,b_rgb:fafafa,w_450,h_450/global/193141/02/sv01/fnd/PNA/fmt/png/PUMA-x-FIRST-MILE-H.ST.20-Camo-Women's-Training-Shoes
puma,womens,training&gym,https://images.puma.com/image/upload/f_auto,q_auto,b_rgb:fafafa,w_450,h_450/global/193780/03/sv01/fnd/PNA/fmt/png/LQDCELL-Method-Women's-Training-Shoes
puma,womens,training&gym,https://images.puma.com/image/upload/f_auto,q_auto,b_rgb:fafafa,w_450,h_450/global/194112/02/sv01/fnd/PNA/fmt/png/Zone-XT-Pearl-Women's-Training-Shoes
puma,womens,training&gym,https://images.puma.com/image/upload/f_auto,q_auto,b_rgb:fafafa,w_450,h_450/global/193784/04/sv01/fnd/PNA/fmt/png/Provoke-XT-Women's-Training-Shoes
puma,womens,training&gym,https://images.puma.com/image/upload/f_auto,q_auto,b_rgb:fafafa,w_450,h_450/global/193658/04/sv01/fnd/PNA/fmt/png/LQDCELL-Optic-XI-Women's-Training-Shoes
puma,womens,training&gym,https://images.puma.com/image/upload/f_auto,q_auto,b_rgb:fafafa,w_450,h_450/global/194833/02/sv01/fnd/PNA/fmt/png/LQDCELL-Shatter-XT-Metal-Women's-Training-Shoes
puma,womens,training&gym,https://images.puma.com/image/upload/f_auto,q_auto,b_rgb:fafafa,w_450,h_450/global/372561/04/sv01/fnd/PNA/fmt/png/Nuage-Run-Cage-Summer-Women's-Training-Shoes
puma,womens,training&gym,https://images.puma.com/image/upload/f_auto,q_auto,b_rgb:fafafa,w_450,h_450/global/193625/02/sv01/fnd/PNA/fmt/png/H.ST.20-Metal-Women's-Training-Shoes
puma,womens,training&gym,https://images.puma.com/image/upload/f_auto,q_auto,b_rgb:fafafa,w_450,h_450/global/193124/04/sv01/fnd/PNA/fmt/png/H.ST.20-Women's-Training-Shoes
puma,womens,training&gym,https://images.puma.com/image/upload/f_auto,q_auto,b_rgb:fafafa,w_450,h_450/global/193090/01/sv01/fnd/PNA/fmt/png/PUMA-x-FIRST-MILE-LQDCELL-Shatter-Camo-Women's-Training-Shoes
puma,womens,running,https://images.puma.com/image/upload/f_auto,q_auto,b_rgb:fafafa,w_450,h_450/global/194769/02/sv01/fnd/PNA/fmt/png/Calibrate-Runner-Mono-Women's-Shoes
puma,womens,running,https://images.puma.com/image/upload/f_auto,q_auto,b_rgb:fafafa,w_450,h_450/global/193760/01/sv01/fnd/PNA/fmt/png/UltraRide-Runner-ID-Women's-Running-Shoes
puma,womens,running,https://images.puma.com/image/upload/f_auto,q_auto,b_rgb:fafafa,w_450,h_450/global/193771/02/sv01/fnd/PNA/fmt/png/PUMA-x-FIRST-MILE-Minima-Mono-Women's-Running-Shoes
puma,womens,running,https://images.puma.com/image/upload/f_auto,q_auto,b_rgb:fafafa,w_450,h_450/global/194768/02/sv01/fnd/PNA/fmt/png/Calibrate-Runner-Women's-Shoes
puma,womens,running,https://images.puma.com/image/upload/f_auto,q_auto,b_rgb:fafafa,w_450,h_450/global/193759/02/sv01/fnd/PNA/fmt/png/PUMA-x-FIRST-MILE-UltraRide-Xtreme-Women's-Running-Shoes
puma,womens,running,https://images.puma.com/image/upload/f_auto,q_auto,b_rgb:fafafa,w_450,h_450/global/193756/01/sv01/fnd/PNA/fmt/png/UltraRide-Women's-Running-Shoes
puma,womens,running,https://images.puma.com/image/upload/f_auto,q_auto,b_rgb:fafafa,w_450,h_450/global/193673/02/sv01/fnd/PNA/fmt/png/SPEED-SUTAMINA-2-Women's-Running-Shoes
puma,womens,running,https://images.puma.com/image/upload/f_auto,q_auto,b_rgb:fafafa,w_450,h_450/global/193105/03/sv01/fnd/PNA/fmt/png/SPEED-300-RACER-2-Women's-Running-Shoes
puma,womens,running,https://images.puma.com/image/upload/f_auto,q_auto,b_rgb:fafafa,w_450,h_450/global/193103/04/sv01/fnd/PNA/fmt/png/SPEED-600-2-Women's-Running-Shoes
puma,womens,running,https://images.puma.com/image/upload/f_auto,q_auto,b_rgb:fafafa,w_450,h_450/global/191626/14/sv01/fnd/PNA/fmt/png/HYBRID-Rocket-Runner-Women's-Running-Shoes
puma,womens,running,https://images.puma.com/image/upload/f_auto,q_auto,b_rgb:fafafa,w_450,h_450/global/192957/10/sv01/fnd/PNA/fmt/png/HYBRID-Fuego-Knit-Women's-Running-Shoes
puma,womens,running,https://images.puma.com/image/upload/f_auto,q_auto,b_rgb:fafafa,w_450,h_450/global/193109/05/sv01/fnd/PNA/fmt/png/HYBRID-NX-Ozone-Women's-Running-Shoes
puma,womens,running,https://images.puma.com/image/upload/f_auto,q_auto,b_rgb:fafafa,w_450,h_450/global/193111/01/sv01/fnd/PNA/fmt/png/PUMA-x-FIRST-MILE-HYBRID-NX-Ozone-Women's-Running-Shoes
puma,womens,running,https://images.puma.com/image/upload/f_auto,q_auto,b_rgb:fafafa,w_450,h_450/global/192810/03/sv01/fnd/PNA/fmt/png/IGNITE-Contender-Knit-Women's-Running-Shoes
puma,womens,running,https://images.puma.com/image/upload/f_auto,q_auto,b_rgb:fafafa,w_450,h_450/global/192808/07/sv01/fnd/PNA/fmt/png/HYBRID-Astro-Women's-Running-Shoes
puma,womens,running,https://images.puma.com/image/upload/f_auto,q_auto,b_rgb:fafafa,w_450,h_450/global/192572/04/sv01/fnd/PNA/fmt/png/SPEED-Orbiter-Women's-Running-Shoes
puma,womens,running,https://images.puma.com/image/upload/f_auto,q_auto,b_rgb:fafafa,w_450,h_450/global/192527/08/sv01/fnd/PNA/fmt/png/SPEED-Sutamina-Women's-Running-Shoes
puma,womens,heritage_basketball,https://images.puma.com/image/upload/f_auto,q_auto,b_rgb:fafafa,w_450,h_450/global/374662/02/sv01/fnd/PNA/fmt/png/Ralph-Sampson-Mid-Metal-Women's-Sneakers
puma,womens,heritage_basketball,https://images.puma.com/image/upload/f_auto,q_auto,b_rgb:fafafa,w_450,h_450/global/368653/01/sv01/fnd/PNA/fmt/png/Ralph-Sampson-Mid-Wildcats-Women's-Sneakers
puma,womens,heritage_basketball,https://images.puma.com/image/upload/f_auto,q_auto,b_rgb:fafafa,w_450,h_450/global/375553/01/sv01/fnd/PNA/fmt/png/Clyde-WH-Women's-Sneakers
puma,womens,heritage_basketball,https://images.puma.com/image/upload/f_auto,q_auto,b_rgb:fafafa,w_450,h_450/global/371671/01/sv01/fnd/PNA/fmt/png/Ralph-Sampson-Lo-Metal-Women's-Sneakers
puma,womens,heritage_basketball,https://images.puma.com/image/upload/f_auto,q_auto,b_rgb:fafafa,w_450,h_450/global/374536/01/sv01/fnd/PNA/fmt/png/PUMA-x-DEF-JAM-Sky-LX-Sneakers
puma,womens,heritage_basketball,https://images.puma.com/image/upload/f_auto,q_auto,b_rgb:fafafa,w_450,h_450/global/372112/01/sv01/fnd/PNA/fmt/png/Ralph-Sampson-Mid-Glitz-Women's-Sneakers
puma,womens,heritage_basketball,https://images.puma.com/image/upload/f_auto,q_auto,b_rgb:fafafa,w_450,h_450/global/371394/01/sv01/fnd/PNA/fmt/png/PUMA-x-RANDOMEVENT-Ralph-Sampson-Lo-Sneakers
puma,womens,heritage_basketball,https://images.puma.com/image/upload/f_auto,q_auto,b_rgb:fafafa,w_450,h_450/global/371675/02/sv01/fnd/PNA/fmt/png/Ralph-Sampson-Lo-Snake-Women's-Sneakers
